-- phpMyAdmin SQL Dump
-- version 4.5.1
-- http://www.phpmyadmin.net
--
-- Servidor: 127.0.0.1
-- Tiempo de generación: 01-05-2016 a las 16:08:46
-- Versión del servidor: 10.1.13-MariaDB
-- Versión de PHP: 7.0.5

SET SQL_MODE = "NO_AUTO_VALUE_ON_ZERO";
SET time_zone = "+00:00";


/*!40101 SET @OLD_CHARACTER_SET_CLIENT=@@CHARACTER_SET_CLIENT */;
/*!40101 SET @OLD_CHARACTER_SET_RESULTS=@@CHARACTER_SET_RESULTS */;
/*!40101 SET @OLD_COLLATION_CONNECTION=@@COLLATION_CONNECTION */;
/*!40101 SET NAMES utf8mb4 */;

--
-- Base de datos: `varcheli`
--

-- --------------------------------------------------------

--
-- Estructura de tabla para la tabla `acceso`
--

CREATE TABLE `acceso` (
  `id` int(5) NOT NULL,
  `usuario` varchar(50) COLLATE utf8_spanish_ci NOT NULL,
  `password` char(34) COLLATE utf8_spanish_ci NOT NULL,
  `pregunta` varchar(100) COLLATE utf8_spanish_ci NOT NULL,
  `respuesta` varchar(100) COLLATE utf8_spanish_ci NOT NULL
) ENGINE=InnoDB DEFAULT CHARSET=utf8 COLLATE=utf8_spanish_ci;

--
-- Volcado de datos para la tabla `acceso`
--

INSERT INTO `acceso` (`id`, `usuario`, `password`, `pregunta`, `respuesta`) VALUES
(3, 'Articulo', '$1$XJp1HU56$NTa6vsLCxR3mXZIpuB57M1', 'Refresco Favorito', 'CocaCola'),
(4, 'Admin', '$1$QG..Zu0.$Ntouz5JXRVZNispEVaUp1.', 'Quien es', 'Admin'),
(5, 'Rafael', '$1$akbkQ4eE$/ZrvbiaEwO2gBRezcBUZ/0', 'Casa Varcheli', 'Negocio'),
(6, 'Eliuth', '$1$l3QTHNAv$6AvZn/iJy7gnoOsTa8yZU/', 'Estudios', 'tec'),
(7, 'Alexa', '$1$VgdqDQ2I$Mm9cDFUtLBCIgGCFUlF6W1', 'Pregunta tonda', 'Correcto si'),
(8, 'Reymundo', '$1$eatsRhFP$16s50vOmiQxo8YCslrdsc.', 'Nacimiento', 'Morelia'),
(9, 'Mariana', '$1$PtquWXTd$6NBekjuKaoisJe9Cxlf2X.', 'mi primer perro', 'tomy'),
(10, 'Daniel', '$1$q2nvImG.$zArxBk7Jrpf2Xl/VjHOcT.', 'Pregunta', 'tec');

-- --------------------------------------------------------

--
-- Estructura de tabla para la tabla `apartado`
--

CREATE TABLE `apartado` (
  `id` char(4) COLLATE utf8_spanish_ci NOT NULL,
  `seccion` varchar(32) COLLATE utf8_spanish_ci NOT NULL
) ENGINE=InnoDB DEFAULT CHARSET=utf8 COLLATE=utf8_spanish_ci;

--
-- Volcado de datos para la tabla `apartado`
--

INSERT INTO `apartado` (`id`, `seccion`) VALUES
('BAU', 'Bautizos'),
('BOD', 'Bodas'),
('CAB', 'Caballero'),
('COM', 'Primera Comunión'),
('PRE', 'Presentaciones'),
('XVA', 'XV Años');

-- --------------------------------------------------------

--
-- Estructura de tabla para la tabla `apartadoventas`
--

CREATE TABLE `apartadoventas` (
  `ticket` int(11) NOT NULL,
  `fecha` timestamp NOT NULL DEFAULT CURRENT_TIMESTAMP,
  `total` int(11) NOT NULL
) ENGINE=InnoDB DEFAULT CHARSET=utf8 COLLATE=utf8_spanish_ci;

-- --------------------------------------------------------

--
-- Estructura de tabla para la tabla `carrusel`
--

CREATE TABLE `carrusel` (
  `imagenes` char(20) COLLATE utf8_spanish_ci NOT NULL
) ENGINE=InnoDB DEFAULT CHARSET=utf8 COLLATE=utf8_spanish_ci;

-- --------------------------------------------------------

--
-- Estructura de tabla para la tabla `color`
--

CREATE TABLE `color` (
  `id` int(11) NOT NULL,
  `color` varchar(64) COLLATE utf8_spanish_ci NOT NULL
) ENGINE=InnoDB DEFAULT CHARSET=utf8 COLLATE=utf8_spanish_ci;

--
-- Volcado de datos para la tabla `color`
--

INSERT INTO `color` (`id`, `color`) VALUES
(1, 'Perla'),
(2, 'Dorado'),
(3, 'Plateado'),
(4, 'Blanco'),
(5, 'Morado'),
(6, 'Lila'),
(7, 'Rosa'),
(8, 'Azul Turquesa'),
(9, 'Verde Limon'),
(10, 'Azul Cielo'),
(11, 'Amarillo'),
(12, 'Verde'),
(13, 'Gris'),
(14, 'Gris Oxford'),
(15, 'Rosa Fiusha'),
(16, 'Verde Menta'),
(17, 'Rojo con Negro'),
(18, 'Rojo'),
(19, 'Cristal'),
(20, 'Vino'),
(21, 'Verde Agua'),
(22, 'Vino con Morado'),
(23, 'Naranja'),
(24, 'Menta');

-- --------------------------------------------------------

--
-- Estructura de tabla para la tabla `corte`
--

CREATE TABLE `corte` (
  `id` int(11) NOT NULL,
  `corte` varchar(64) COLLATE utf8_spanish_ci NOT NULL
) ENGINE=InnoDB DEFAULT CHARSET=utf8 COLLATE=utf8_spanish_ci;

--
-- Volcado de datos para la tabla `corte`
--

INSERT INTO `corte` (`id`, `corte`) VALUES
(1, 'Sirena'),
(2, 'Imperio'),
(5, 'Tipo A'),
(6, 'Halter'),
(7, 'Reina'),
(8, 'Corazon');

-- --------------------------------------------------------

--
-- Estructura de tabla para la tabla `depositos`
--

CREATE TABLE `depositos` (
  `ticket` int(11) NOT NULL,
  `fecha` timestamp NOT NULL DEFAULT CURRENT_TIMESTAMP,
  `deposito` int(11) NOT NULL
) ENGINE=InnoDB DEFAULT CHARSET=utf8 COLLATE=utf8_spanish_ci;

-- --------------------------------------------------------

--
-- Estructura de tabla para la tabla `desglose`
--

CREATE TABLE `desglose` (
  `idventa` int(11) NOT NULL,
  `codbar` int(11) NOT NULL,
  `cantidad` int(3) NOT NULL,
  `cu` int(11) NOT NULL
) ENGINE=InnoDB DEFAULT CHARSET=utf8 COLLATE=utf8_spanish_ci;

-- --------------------------------------------------------

--
-- Estructura de tabla para la tabla `desgloseapartado`
--

CREATE TABLE `desgloseapartado` (
  `ticket` int(11) NOT NULL,
  `codbar` int(11) NOT NULL,
  `cantidad` int(3) NOT NULL,
  `cu` int(11) NOT NULL
) ENGINE=InnoDB DEFAULT CHARSET=utf8 COLLATE=utf8_spanish_ci;

-- --------------------------------------------------------

--
-- Estructura de tabla para la tabla `genero`
--

CREATE TABLE `genero` (
  `id` int(11) NOT NULL,
  `genero` varchar(64) COLLATE utf32_spanish_ci NOT NULL
) ENGINE=InnoDB DEFAULT CHARSET=utf32 COLLATE=utf32_spanish_ci;

--
-- Volcado de datos para la tabla `genero`
--

INSERT INTO `genero` (`id`, `genero`) VALUES
(1, 'Niña'),
(2, 'Niño'),
(3, 'Dama'),
(4, 'Caballero');

-- --------------------------------------------------------

--
-- Estructura de tabla para la tabla `imagenes`
--

CREATE TABLE `imagenes` (
  `imagenes` char(20) COLLATE utf8_spanish_ci NOT NULL
) ENGINE=InnoDB DEFAULT CHARSET=utf8 COLLATE=utf8_spanish_ci;

--
-- Volcado de datos para la tabla `imagenes`
--

INSERT INTO `imagenes` (`imagenes`) VALUES
('102739856199_1.jpg'),
('103619255162_1.jpg'),
('111917579926_1.jpg'),
('112411235298_1.jpg'),
('115452433729_1.jpg'),
('116852633368_1.jpg'),
('122292529618_1.jpg'),
('132599765161_1.jpg'),
('132890551300_1.jpg'),
('136836791278_1.jpg'),
('151246396133_1.jpg'),
('152355809534_1.jpg'),
('152355809534_2.jpg'),
('154453136399_1.jpg'),
('156296506244_1.jpg'),
('156296506244_2.jpg'),
('162636403494_1.jpg'),
('166779471158_1.jpg'),
('169763641255_1.jpg'),
('170294226645_1.jpg'),
('173766910567_1.jpg'),
('179841763261_1.jpg'),
('179898791595_1.jpg'),
('184344331213_1.jpg'),
('188727700849_1.jpg'),
('190476213241_1.jpg'),
('195328495666_1.jpg'),
('200326221711_1.jpg'),
('208504844538_1.jpg'),
('215370682910_1.jpg'),
('221508207306_1.jpg'),
('225308105665_1.jpg'),
('236235240784_1.jpg'),
('236235240784_2.jpg'),
('246167920271_1.jpg'),
('276636143994_1.jpg'),
('284465952348_1.jpg'),
('312919619224_1.jpg'),
('315700418367_1.jpg'),
('319234272170_1.jpg'),
('319526958309_1.jpg'),
('331416264309_1.jpg'),
('334253991786_1.jpg'),
('342228343660_1.jpg'),
('343945970921_1.jpg'),
('346263897823_1.jpg'),
('359376674992_1.jpg'),
('370360838546_1.jpg'),
('370360838546_2.jpg'),
('392624596959_1.jpg'),
('397622321103_1.jpg'),
('397882721391_1.jpg'),
('398934206458_1.jpg'),
('407149258583_1.jpg'),
('410303513782_1.jpg'),
('415790752651_1.jpg'),
('415790752651_2.jpg'),
('417430751543_1.jpg'),
('430517785229_1.jpg'),
('435369168654_1.jpg'),
('437992838463_1.jpg'),
('437992838463_2.jpg'),
('440772636606_1.jpg'),
('447170960469_1.jpg'),
('466920962395_1.jpg'),
('470106102625_1.jpg'),
('483459180866_1.jpg'),
('487691562716_1.jpg'),
('487722848567_1.jpg'),
('495869286543_1.jpg'),
('505744936595_1.jpg'),
('508493449887_1.jpg'),
('519623956960_1.jpg'),
('528129793324_1.jpg'),
('533184547703_1.jpg'),
('535401474604_1.jpg'),
('535459502938_1.jpg'),
('537973759346_1.jpg'),
('541222471278_1.jpg'),
('541222471278_2.jpg'),
('577880504464_1.jpg'),
('577880504464_2.jpg'),
('578906246947_1.jpg'),
('579260103967_1.jpg'),
('579260103967_2.jpg'),
('580743973525_1.jpg'),
('583492486817_1.jpg'),
('589395253408_1.jpg'),
('593570608823_1.jpg'),
('620827447113_1.jpg'),
('626673186270_1.jpg'),
('630125270155_1.jpg'),
('632577854761_1.jpg'),
('632602597345_1.jpg'),
('635554480590_1.jpg'),
('635554480590_2.jpg'),
('642566662582_1.jpg'),
('655279239212_1.jpg'),
('658345180226_1.jpg'),
('662520534641_1.jpg'),
('669215287911_1.jpg'),
('677918453682_1.jpg'),
('688731532133_1.jpg'),
('703744708481_1.jpg'),
('708278562284_1.jpg'),
('708336590618_1.jpg'),
('720808368896_1.jpg'),
('721163225917_1.jpg'),
('724343223699_1.jpg'),
('729341848744_1.jpg'),
('731824818301_1.png'),
('745348480825_1.jpg'),
('745353124192_1.jpg'),
('755223231877_1.jpg'),
('757738487285_1.jpg'),
('765244324549_1.jpg'),
('767613238338_1.jpg'),
('767613238338_2.jpg'),
('767613238338_3.jpg'),
('771293435660_1.jpg'),
('775214933155_1.jpg'),
('775214933155_2.jpg'),
('775676804396_1.jpg'),
('777228488103_1.jpg'),
('777519274241_1.jpg'),
('793355721220_1.jpg'),
('798873346840_1.jpg'),
('799430574814_1.jpg'),
('806120683816_1.jpg'),
('806120683816_2.jpg'),
('812486322649_1.jpg'),
('824553257120_1.jpg'),
('824818301676_1.jpg'),
('826833756623_1.jpg'),
('828150684525_1.jpg'),
('834491580774_1.jpg'),
('836588807640_1.jpg'),
('839540690885_1.jpg'),
('841560790201_1.jpg'),
('845298115857_1.jpg'),
('852570696237_1.jpg'),
('854793267406_1.jpg'),
('860171491954_1.jpg'),
('877755952145_1.jpg'),
('881555849504_1.jpg'),
('881873378226_1.jpg'),
('881873378226_2.jpg'),
('881873378226_3.jpg'),
('900634965867_1.jpg'),
('903440506593_1.jpg'),
('903440506593_2.jpg'),
('906652790227_1.jpg'),
('908204475833_1.jpg'),
('914107242424_1.jpg'),
('916990412521_1.jpg'),
('927657148352_1.jpg'),
('928937647855_1.jpg'),
('931135873720_1.jpg'),
('933238744853_1.jpg'),
('934201814735_1.jpg'),
('934555272576_1.jpg'),
('942821310588_1.jpg'),
('942993395691_1.jpg'),
('953660131522_1.jpg'),
('955383801330_1.jpg'),
('971339948345_1.jpg'),
('973993104905_1.jpg'),
('978496572856_1.jpg'),
('982323212798_1.jpg'),
('993686476676_1.jpg');

-- --------------------------------------------------------

--
-- Estructura de tabla para la tabla `menu`
--

CREATE TABLE `menu` (
  `idapartado` char(4) COLLATE utf8_spanish_ci NOT NULL,
  `idsubcategoria` int(3) NOT NULL,
  `atributos` varchar(254) COLLATE utf8_spanish_ci NOT NULL
) ENGINE=InnoDB DEFAULT CHARSET=utf8 COLLATE=utf8_spanish_ci;

--
-- Volcado de datos para la tabla `menu`
--

INSERT INTO `menu` (`idapartado`, `idsubcategoria`, `atributos`) VALUES
('BAU', 1, 'Genero,'),
('BAU', 14, 'Color, Talla,'),
('BAU', 17, 'Color,'),
('BAU', 18, 'Tipo,'),
('BAU', 19, 'Color,'),
('BOD', 1, 'Color, Corte,'),
('BOD', 2, 'Color,'),
('BOD', 4, 'Color,'),
('BOD', 7, 'Color,'),
('BOD', 9, 'Color,'),
('BOD', 19, 'Color,'),
('BOD', 20, 'Color,'),
('BOD', 21, 'Color,'),
('BOD', 23, 'Color,'),
('BOD', 24, 'Color,'),
('CAB', 13, 'Color, Talla,'),
('CAB', 14, 'Color, Talla,'),
('CAB', 15, 'Color, Genero,'),
('COM', 1, 'Color, Talla,'),
('COM', 2, 'Color,'),
('COM', 7, 'Color,'),
('COM', 14, 'Color, Talla,'),
('COM', 17, 'Color,'),
('COM', 18, 'Tipo,'),
('COM', 19, 'Color,'),
('PRE', 1, 'Color, Talla,'),
('PRE', 2, 'Color,'),
('PRE', 4, 'Color,'),
('PRE', 7, 'Color,'),
('PRE', 14, 'Color, Talla,'),
('PRE', 17, 'Color,'),
('PRE', 18, 'Tipo,'),
('PRE', 19, 'Color,'),
('XVA', 1, 'Color,'),
('XVA', 2, 'Color,'),
('XVA', 4, 'Color,'),
('XVA', 6, 'Color,'),
('XVA', 7, 'Color,'),
('XVA', 17, 'Color,'),
('XVA', 18, 'Tipo,'),
('XVA', 19, 'Color,'),
('XVA', 20, 'Color,'),
('XVA', 24, 'Color,'),
('XVA', 25, 'Color,');

-- --------------------------------------------------------

--
-- Estructura de tabla para la tabla `productos`
--

CREATE TABLE `productos` (
  `codbar` bigint(12) NOT NULL,
  `idapartado` char(3) NOT NULL,
  `idsubcategoria` int(3) NOT NULL,
  `descripcion` varchar(512) NOT NULL,
  `detalles` varchar(512) NOT NULL,
  `existencia` int(4) NOT NULL,
  `precio` int(11) NOT NULL,
  `fecha` timestamp NOT NULL DEFAULT CURRENT_TIMESTAMP
) ENGINE=InnoDB DEFAULT CHARSET=latin1;

--
-- Volcado de datos para la tabla `productos`
--

INSERT INTO `productos` (`codbar`, `idapartado`, `idsubcategoria`, `descripcion`, `detalles`, `existencia`, `precio`, `fecha`) VALUES
(102739856199, 'BOD', 4, 'Juego de copas para boda con hermosos detalles color blanco y plateado y bisutería  color perla. Incluye base de cristal', 'Color: Cristal,', 1, 315, '2016-04-24 16:25:26'),
(103619255162, 'XVA', 2, 'Ramo XV años con diferentes detalles en color plata y cristales.', 'Color: Rojo,', 1, 385, '2016-04-24 02:30:48'),
(111917579926, 'BOD', 2, 'Ramo para bodas plateados con añadido de diamantes. ', 'Color: Plateado,', 1, 135, '2016-04-23 02:00:55'),
(112411235298, 'BOD', 2, 'Ramo para bodas color blanco, con acabado color plateado, cristales y listones.', 'Color: Blanco,', 1, 385, '2016-04-23 02:00:55'),
(115452433729, 'COM', 18, 'Juego de primera comunión, incluye vela decorada con listón blanco y adorno de piedras brillantes, rosario de cristal y libro. ', 'Tipo: Biblia,', 1, 135, '2016-04-24 22:09:33'),
(116852633368, 'BOD', 4, 'Juego de copas de cristal para bodas con hermosos acabados dorados y grabado. Incluye figuras de recién casados.', 'Color: Cristal,', 1, 415, '2016-04-24 01:56:21'),
(122292529618, 'BOD', 7, 'Tocado color perla, con adornos de cristal y diamantes. ', 'Color: Perla,', 1, 120, '2016-04-23 02:00:55'),
(132599765161, 'BOD', 4, 'Hermoso juego de copas para boda con detalles en color blanco y plateado. Incluye base de cristal.', 'Color: Cristal,', 1, 235, '2016-04-24 14:27:22'),
(132890551300, 'XVA', 2, 'Ramo de XV años color dorado y con pequeños cristales en tonalidad café.', 'Color: Dorado,', 1, 420, '2016-04-24 00:45:27'),
(136836791278, 'XVA', 2, 'Ramo XV años con listones en diferentes tonos de verde, rosas y pequeños cristales.', 'Color: Verde,', 1, 315, '2016-04-24 03:26:26'),
(151246396133, 'COM', 18, 'Juego de primera comunión para niña, contiene una vela decorada con encaje y listón, un rosario color perla y un libro.', 'Tipo: Biblia,', 1, 155, '2016-04-24 22:18:09'),
(152355809534, 'XVA', 2, 'Juego de XV años, ramo y tocado en tonos verdes con detalles en color plata y cristales.', 'Color: Verde,', 1, 435, '2016-04-24 03:28:47'),
(154453136399, 'BOD', 4, 'Juego de copas para bodas con detalles de bisutería transparente en forma de flor', 'Color: Cristal,', 1, 289, '2016-04-24 19:03:29'),
(156296506244, 'XVA', 2, 'Juego de XV años, tocado y ramo con detalles en color plata y flores en color verde en el tocado.', 'Color: Menta,', 1, 555, '2016-04-24 03:20:22'),
(162636403494, 'COM', 18, 'Juego de primera comunión para niña, contiene una vela decorada con listón blanco con tonos plateados y un adorno  hecho de piedras brillantes, un rosario de cristal y un libro con portada en tono rosa.', 'Tipo: Biblia,', 1, 135, '2016-04-24 21:41:07'),
(166779471158, 'COM', 18, 'Juego de primera comunión, incluye una vela decorada con listón blanco y un pequeño arreglo floral de fantasía , un rosario y una biblia. ', 'Tipo: Biblia,', 1, 155, '2016-04-27 03:56:29'),
(169763641255, 'COM', 18, 'Juego de primera comunión, contiene una vela decorada con listón blanco y repujado, un libro  decorado con encaje y adornos de listón  color perla, un rosario y una peineta con moños hechos de listón color blanco.', 'Tipo: Biblia,', 1, 189, '2016-04-24 23:03:15'),
(170294226645, 'BOD', 4, 'Juego de copas de cristal para boda con decoración de listones en color plata y hermoso grabado. Incluye figuras de recién casados. ', 'Color: Cristal,', 1, 415, '2016-04-24 00:32:30'),
(173766910567, 'PRE', 4, 'Copa de presentacion con detalles en color acua y dorado', 'Color: Cristal,', 1, 180, '2016-04-24 19:11:40'),
(179841763261, 'BOD', 4, 'Copas de boda con finos detalles en color blanco', 'Color: Cristal,', 1, 235, '2016-04-24 18:59:13'),
(179898791595, 'BOD', 7, 'Tocado para bodas color blanco y plateado.', 'Color: Plateado,', 1, 120, '2016-04-23 02:00:55'),
(184344331213, 'XVA', 2, 'Ramo XV años de color rosa con muchos detalles en color plata como pequeñas tiras y cristales muy hermosos.', 'Color: Rosa,', 1, 385, '2016-04-24 03:32:24'),
(188727700849, 'BOD', 2, 'Ramo de bodas color perla con blanco, listones blancos y dorados.', 'Color: Perla,', 1, 415, '2016-04-23 02:00:55'),
(190476213241, 'BOD', 4, 'Juego de copas de cristal para boda con decoración de listones en color dorado y hermoso grabado. Incluye figuras de recién casados. ', 'Color: Cristal,', 1, 415, '2016-04-24 00:31:32'),
(195328495666, 'XVA', 2, 'Ramo XV años con cristales y listones morados así como detalles en color plata.', 'Color: Morado,', 1, 435, '2016-04-24 02:45:40'),
(200326221711, 'XVA', 7, 'Tocado de XV años formado por hermosas flores con perlas en el centro y cristales en forma de flor, también disponible en otros colores.', 'Color: Rojo,', 1, 125, '2016-04-24 02:26:57'),
(208504844538, 'XVA', 2, 'Juego de XV años, tocado y ramo con pequeños cristales y detalles en color dorado.', 'Color: Naranja,', 1, 555, '2016-04-24 03:43:02'),
(215370682910, 'BOD', 7, 'Tocado para bodas color blanco, con adorno de flores y corazones dorados.', 'Color: Blanco,', 1, 210, '2016-04-23 02:00:55'),
(221508207306, 'XVA', 4, 'Juego de copas de cristal para XV años con elegante decoración de de listones en color azul claro. Incluye base de cristal.', 'Color: Cristal,', 1, 335, '2016-04-24 01:53:14'),
(225308105665, 'COM', 18, 'Juego de primera comunión, incluye un rosario, una biblia decorada con listón blanco y una vela decorada con una pequeña imagen en el centro, listón blanco y un adorno hecho de piedras brillantes.', 'Tipo: Biblia,', 1, 215, '2016-04-27 04:09:44'),
(236235240784, 'XVA', 2, 'Juego de XV años, ramo y tocado con hermosas mariposas blancas y pequeños cristales.', 'Color: Verde,', 1, 435, '2016-04-24 03:23:51'),
(246167920271, 'COM', 18, 'Juego de primera comunión para niño que incluye biblia en color azul con bellos detalles.', 'Tipo: Biblia,', 1, 155, '2016-04-24 00:58:01'),
(276636143994, 'BOD', 2, 'Ramo para bodas tipo reguilete, color blanco y plata.', 'Color: Blanco,', 1, 590, '2016-04-23 02:00:55'),
(284465952348, 'BOD', 2, 'Ramo de boda en color perla con bellos detalles de cristales y perlas doradas.', 'Color: Perla,', 1, 425, '2016-04-24 00:53:32'),
(312919619224, 'BOD', 4, 'Juego de copas para boda con bonitos arreglos en color plata', 'Color: Cristal,', 1, 315, '2016-04-24 16:52:43'),
(315700418367, 'BOD', 4, 'Juego de copas para boda con decoraciones en blanco', 'Color: Cristal,', 1, 235, '2016-04-24 18:56:36'),
(319234272170, 'XVA', 2, 'Ramo XV años en forma de rehilete, con detalles en color dorado y listones en tonalidades moradas.', 'Color: Morado,', 1, 590, '2016-04-24 02:55:30'),
(319526958309, 'XVA', 7, 'Tocado de XV años con pequeños detalles en la flor principal.', 'Color: Verde Agua,', 1, 155, '2016-04-24 01:21:13'),
(331416264309, 'XVA', 2, 'Ramo de XV años en forma de rehilete en color roja con detalles plateados.', 'Color: Rosa,', 1, 590, '2016-04-24 02:28:49'),
(334253991786, 'XVA', 2, 'Ramo XV años con detalles en color plata y hermosos cristales.', 'Color: Menta,', 1, 435, '2016-04-24 03:18:50'),
(342228343660, 'COM', 18, 'Juego de primera comunión para niña, incluye un rosario con cuentas color perla, una biblia y una vela decorada con listón blanco, encaje  y un adorno de flores hecho de piedras brillantes.', 'Tipo: Biblia,', 1, 155, '2016-04-27 04:00:55'),
(343945970921, 'XVA', 4, 'Juego de copas de cristal para XV años con elegante decoración de de listones rosas. Incluye base de cristal.', 'Color: Cristal,', 1, 335, '2016-04-24 01:52:01'),
(346263897823, 'BOD', 2, 'Ramo para bodas tipo cristal, color perla con plata. ', 'Color: Perla,', 1, 620, '2016-04-23 02:00:55'),
(359376674992, 'BOD', 4, 'Hermoso juego de copas para boda con acabados color dorado. Incluye base de cristal', 'Color: Dorado,', 1, 480, '2016-04-24 15:34:32'),
(370360838546, 'XVA', 2, 'Juego de XV años tocado y ramo en hermosos tonos morados, formados por flores con perlas en sus centros y pequeños cristales en forma de flor.', 'Color: Morado,', 1, 625, '2016-04-24 03:00:40'),
(392624596959, 'BOD', 4, 'Juego de copas para boda con adornos de bisutería de perla en color blanco. Incluye base de cristal', 'Color: Cristal,', 1, 315, '2016-04-24 16:56:36'),
(397622321103, 'COM', 18, 'Juego de primera comunión para niño, contiene una vela decorada con listón blanco con tonos dorados y un adorno, un rosario y un libro con portada en tonos azules. ', 'Tipo: Biblia,', 1, 135, '2016-04-24 06:41:13'),
(397882721391, 'COM', 18, 'Juego de primera comunión, incluye un rosario color oro, una vela decorada con repujado , una pequeña imagen y un adorno   hecho de listón color beige y un libro decorado con tela y encaje color beige y un adorno hecho con listón y piedras brillantes.', 'Tipo: Biblia,', 1, 285, '2016-04-24 22:39:40'),
(398934206458, 'PRE', 4, 'Copa para presentación con acabados en verde acua.', 'Color: Cristal,', 1, 79, '2016-04-24 16:23:15'),
(407149258583, 'BOD', 7, 'Tocado color blanco, con cristal de colores. ', 'Color: Blanco,', 1, 245, '2016-04-23 02:00:55'),
(410303513782, 'XVA', 7, 'Tocado de XV años con bellos cristales y listones en color rosa fiusha.', 'Color: Rosa Fiusha,', 1, 245, '2016-04-24 01:29:13'),
(415790752651, 'BOD', 2, 'Juego de Ramo con Tocado, color blanco en forma de flores con adornos dorados. ', 'Color: Blanco,', 1, 420, '2016-04-23 02:00:55'),
(417430751543, 'XVA', 4, 'Hermoso juego de copas para XV años con adornos en color rosa. Incluye figura de quinceañera. ', 'Color: Cristal,', 1, 415, '2016-04-24 14:24:37'),
(430517785229, 'COM', 18, 'Juego de primera comunión para niña, contiene una vela decorada con listón blanco y un adorno de cristal, un libro con encaje blanco  y un rosario.', 'Tipo: Biblia,', 1, 185, '2016-04-24 23:43:24'),
(435369168654, 'XVA', 2, 'Ramo de XV años con listones de color plata y pequeñas perlas así como cristales.', 'Color: Rojo,', 1, 490, '2016-04-24 01:39:43'),
(437992838463, 'XVA', 2, 'Juego XV años en color vino y dorado con muchos detalles de cristales tornasol, el ramo y tocado tienen hermosos detalles.', 'Color: Vino,', 1, 570, '2016-04-24 03:42:01'),
(440772636606, 'PRE', 4, 'Hermoso juego de copas de cristal para presentación con acabados en color rosa. Incluye figura de cerámica.', 'Color: Cristal,', 1, 215, '2016-04-24 14:36:20'),
(447170960469, 'COM', 18, 'Juego de primera comunión, contiene una vela decorada con listón blanco , un libro forrado con tela blanca, decorado con encaje y adornos de listón del mismo color y un rosario.', 'Tipo: Biblia,', 1, 185, '2016-04-24 23:08:57'),
(466920962395, 'COM', 18, 'Juego de primera comunión para niño, incluye  una vela decorada con listón blanco, una biblia  y un rosario. ', 'Tipo: Biblia,', 1, 135, '2016-04-24 23:26:10'),
(470106102625, 'COM', 18, 'Juego de primera comunión para niña, contiene una vela decorada con repujado color dorado, un libro decorado con repujado color dorado  y una pequeña imagen en el centro y un rosario de cristal.', 'Tipo: Biblia,', 1, 289, '2016-04-24 23:58:41'),
(483459180866, 'COM', 18, 'Juego de primera comunión para niña, contiene una vela decorada con listón beige  y un adorno hecho de listón y piedras brillantes, un libro forrado con tela blanca, decorado con encaje color beige  y adornos de listón del mismo color y un rosario.', 'Tipo: Biblia,', 1, 235, '2016-04-24 23:50:04'),
(487691562716, 'COM', 18, 'Juego de primera comunión para niña, incluye un rosario de cristal, una biblia y una vela decorada con listón blanco, encaje y un pequeño arreglo con flores hechas de piedras brillantes.', 'Tipo: Biblia,', 1, 155, '2016-04-27 03:58:32'),
(487722848567, 'COM', 18, 'Juego de primera comunión, incluye un rosario de cristal, una vela decorada con listón blanco y detalles color plata y un libro con portada en tonos rosados.', 'Tipo: Biblia,', 1, 155, '2016-04-24 22:32:28'),
(495869286543, 'BOD', 2, 'Juego de Ramo y Tocados para bodas, color blanco, perla, dorado y plateado.', 'Color: Blanco,', 1, 389, '2016-04-23 02:00:55'),
(505744936595, 'COM', 18, 'Juego de primera comunión para niña, contiene una vela decorada con la imagen de Juan Pablo II en repujado color plata,  un libro con la imagen de Juan Pablo II en repujado color plata  y un rosario de cristal.', 'Tipo: Biblia,', 1, 289, '2016-04-24 23:52:27'),
(508493449887, 'XVA', 4, 'Juego de copas de cristal para XV años con hermosos arreglos de listones y acabados en color rosa.', 'Color: Cristal,', 1, 290, '2016-04-24 16:34:26'),
(519623956960, 'XVA', 2, 'Ramo XV años en tonalidades de morado y detalles en color plata.', 'Color: Morado,', 1, 385, '2016-04-24 03:02:45'),
(528129793324, 'XVA', 7, 'Tocado de XV años con hermosos cristales y listones en color naranja.', 'Color: Naranja,', 1, 135, '2016-04-24 01:33:50'),
(533184547703, 'COM', 18, 'Juego de primera comunión, incluye una vela decorada con listón blanco y un pequeño arreglo floral de fantasía , un rosario y una biblia. ', 'Tipo: Biblia,', 1, 155, '2016-04-27 03:56:19'),
(535401474604, 'XVA', 7, 'Tocado de XV años con pequeñas flores color blanco y lindos detalles.', 'Color: Morado,', 1, 120, '2016-04-24 01:15:13'),
(535459502938, 'BOD', 2, 'Ramo para bodas color blanco, con listones color plata.', 'Color: Blanco,', 1, 389, '2016-04-23 02:00:55'),
(537973759346, 'XVA', 2, 'Ramo de XV años en forma de rehilete con detalles de cristales.', 'Color: Rojo,', 1, 590, '2016-04-24 01:37:26'),
(541222471278, 'BOD', 2, 'Ramo para bodas de flores blancas, listones dorados con plateado. ', 'Color: Blanco,', 1, 310, '2016-04-23 02:00:55'),
(577880504464, 'XVA', 2, 'Juego de XV años, tocado y ramo los cuales cuentan con cristales hermosos y detalles en color plata.', 'Color: Rosa Fiusha,', 1, 535, '2016-04-24 03:38:38'),
(578906246947, 'XVA', 2, 'Ramo de XV años formado por flores con perlas en su centro, también cristales en forma de flor y listones.', 'Color: Rojo,', 1, 499, '2016-04-24 02:24:29'),
(579260103967, 'XVA', 2, 'Juego de Ramo y tocado de XV años con cristales y listones morados, detalles en color plata.', 'Color: Morado,', 1, 555, '2016-04-24 02:52:37'),
(580743973525, 'BOD', 4, 'Juego de copas de cristal para boda con arreglos en listón blanco. Incluye base de cristal ', 'Color: Cristal,', 1, 235, '2016-04-24 15:03:16'),
(583492486817, 'PRE', 4, 'Copa de cristal para presentación con decoraciones de listones y acabados en color rosa.', 'Color: Cristal,', 1, 79, '2016-04-24 02:05:31'),
(589395253408, 'PRE', 4, 'Hermoso juego de copas de cristal para presentación con finos acabados en color verde. ', 'Color: Cristal,', 1, 214, '2016-04-24 15:13:07'),
(593570608823, 'XVA', 2, 'Ramo XV años con detalles de cristales y pequeñas flores blancas.', 'Color: Amarillo,', 1, 315, '2016-04-24 03:30:10'),
(620827447113, 'XVA', 4, 'Juego de copas para XV años con hermoso detalle en color rosa', 'Color: Cristal,', 1, 335, '2016-04-24 17:11:52'),
(626673186270, 'BOD', 4, 'Hermoso juego de copas de cristal para bodas con decoraciones en color dorado y bonito grabado. Incluye figuras de recién casados.', 'Color: Cristal,', 1, 315, '2016-04-24 14:30:38'),
(630125270155, 'XVA', 2, 'Ramos de XV años formado por diferentes tonalidades de azul, listones y bellas flores.', 'Color: Azul Turquesa,', 1, 385, '2016-04-24 03:11:05'),
(632577854761, 'XVA', 4, 'Hermoso juego de copas de cristal para XV años con decoraciones en color rojo. Incluye base de cristal.', 'Color: Cristal,', 1, 335, '2016-04-24 14:51:32'),
(632602597345, 'XVA', 7, 'Tocado de XV años con detalles de perlas y cristales, encaje en color en forma de flor.', 'Color: Rojo,', 1, 125, '2016-04-24 01:41:12'),
(635554480590, 'BOD', 2, 'Juego de Ramo con Tocado para bodas en color blanco; adornado con rosas y listones.', 'Color: Blanco,', 1, 420, '2016-04-23 02:00:55'),
(642566662582, 'XVA', 2, 'Juego de XV años de ramo y tocado con flores moradas y rosas pequeñas en color vino.', 'Color: Vino con Morado,', 1, 515, '2016-04-24 01:11:47'),
(655279239212, 'BOD', 2, 'Ramo para bodas, color blanco, perla y plateado, con listones blancos.', 'Color: Blanco,', 1, 520, '2016-04-23 02:00:55'),
(658345180226, 'PRE', 4, 'Copa de cristal para presentación con decoraciones de listones y acabados en azul cielo. ', 'Color: Cristal,', 1, 79, '2016-04-24 00:36:57'),
(662520534641, 'BOD', 4, 'Juego de copas de cristal para boda con elegantes adornos en color plata', 'Color: Cristal,', 1, 289, '2016-04-24 19:13:52'),
(669215287911, 'BOD', 7, 'Tocado color blanco con plateado, y cristales de colores. ', 'Color: Plateado,', 1, 245, '2016-04-23 02:00:55'),
(677918453682, 'BOD', 2, 'Ramo para bodas dorado con adornos plateados y cristal en forma de diamante.', 'Color: Dorado,', 1, 485, '2016-04-23 02:00:55'),
(688731532133, 'COM', 18, 'Juego de primera comunión para niña, contiene una vela decorada con listón blanco con tonos plateados y un adorno  hecho de piedras brillantes, un rosario de cristal y un libro.', 'Tipo: Biblia,', 1, 135, '2016-04-24 21:39:49'),
(703744708481, 'COM', 18, 'Juego de primera comunión, incluye una vela decorada con listón blanco, un libro forrado con tela blanca, decorado con encaje y adornos de listón del mismo color y un cojín blanco con detalles en tono plata con encaje en el borde.', 'Tipo: Biblia,', 1, 215, '2016-04-24 21:46:49'),
(708278562284, 'COM', 18, 'Juego de primera comunión, incluye un libro forrado con tela blanca, decorado con listón dorado y encaje , una vela decorada con listón blanco y repujado color dorado y un rosario color perla.', 'Tipo: Biblia,', 1, 189, '2016-04-24 22:23:27'),
(708336590618, 'XVA', 2, 'Ramo XV años formado por flores con perlas en el centro y cristales en las orillas.', 'Color: Rojo,', 1, 499, '2016-04-24 02:32:38'),
(720808368896, 'COM', 18, 'juego de primera comunión para niña, incluye una vela decorada con listón blanco con detalles plateados, y encaje color blanco, un rosario y un libro.', 'Tipo: Biblia,', 1, 115, '2016-04-24 22:48:10'),
(721163225917, 'XVA', 7, 'Tocado de XV años con cristalería y pequeñas flores.', 'Color: Verde Agua,', 1, 210, '2016-04-24 01:18:45'),
(724343223699, 'XVA', 4, 'Hermoso juego de copas para XV años con lindos detalles en color rojo', 'Color: Cristal,', 1, 315, '2016-04-24 16:29:33'),
(729341848744, 'XVA', 2, 'Ramo de XV años formando por flores con perlas en el centro y cristales en forma de flor, también disponible en otros colores.', 'Color: Verde Agua,', 1, 499, '2016-04-24 03:06:51'),
(731824818301, 'BOD', 2, 'Algo', 'Color: Gris,', 22, 1000, '2016-04-30 03:07:06'),
(745348480825, 'BOD', 4, 'Hermoso juego de copas de cristal para boda, con finos detalles de bisutería en perla y lindos acabados en blanco. Incluye base de cristal', 'Color: Cristal,', 1, 315, '2016-04-24 16:27:18'),
(745353124192, 'BOD', 4, 'Hermosos juego de copas para boda con adornos color blanco y acabado en color perla. Incluye base de cristal', 'Color: Cristal,', 1, 315, '2016-04-24 19:20:48'),
(755223231877, 'BOD', 4, 'Copas de cristal para boda con decoración en color blanco', 'Color: Cristal,', 1, 289, '2016-04-24 18:15:33'),
(757738487285, 'COM', 18, 'Juego de primera comunión, incluye una vela decorada con listón en tono beige y una imagen de Juan Pablo II,un rosario color dorado y un libro decorado con tela mate color beige, listón del mismo tono y encaje.', 'Tipo: Biblia,', 1, 285, '2016-04-24 22:45:16'),
(765244324549, 'XVA', 7, 'Tocado de XV años en color vino con hermosos cristales y detalles de color dorado.', 'Color: Vino,', 1, 135, '2016-04-24 01:30:33'),
(767613238338, 'BOD', 2, 'Juego de Ramo con Tocado para bodas color perla, blanco y plateado.', 'Color: Perla,', 1, 590, '2016-04-23 02:00:55'),
(771293435660, 'XVA', 7, 'Tocado de XV años con detalles de flores de cristal y perlas.', 'Color: Rosa Fiusha,', 1, 185, '2016-04-24 00:59:54'),
(775214933155, 'XVA', 2, 'Juego de XV años, tocado y ramo formado por hermosas flores y listones en diferentes tonos y cristales en forma de flor.', 'Color: Verde Agua,', 1, 515, '2016-04-24 03:12:56'),
(775676804396, 'BOD', 4, 'Juego de copas de cristal para boda con hermoso adorno blanco y acabados en plata, incluye base de cristal', 'Color: Cristal,', 1, 315, '2016-04-24 19:19:10'),
(777228488103, 'COM', 18, 'Juego de primera comunión, contiene una vela decorada con listón color beige y repujado , un libro forrado con tela blanca, decorado con encaje y adornos de listón color  beige con detalles dorados y un rosario.', 'Tipo: Biblia,', 1, 189, '2016-04-24 23:06:28'),
(777519274241, 'COM', 18, 'Juego de primera comunión, incluye vela, libro y rosario decorados con repujado color dorado con detalles en tono plata.', 'Tipo: Biblia,', 1, 389, '2016-04-24 21:30:10'),
(793355721220, 'XVA', 2, 'Ramo XV años en tono rosa con gran cantidad de cristales y detalles en color plata.', 'Color: Rosa Fiusha,', 1, 415, '2016-04-24 03:37:02'),
(798873346840, 'COM', 18, 'Juego de primera comunión para niño, contiene una vela decorada con listón blanco, un libro forrado con tela blanca, decorado con encaje y adornos de listón del mismo color y un rosario de cristal.', 'Tipo: Biblia,', 1, 255, '2016-04-24 23:39:34'),
(799430574814, 'COM', 18, 'Juego de primera comunión para niño, incluye  una vela decorada con listón blanco y detalles en dorado, un libro y un rosario.', 'Tipo: Biblia,', 1, 155, '2016-04-25 00:02:48'),
(806120683816, 'XVA', 2, 'Ramo de XV años con detalles en dorado y pequeños cristales en el centro.', 'Color: Rojo,', 1, 455, '2016-04-24 02:19:23'),
(812486322649, 'BOD', 2, 'Ramo de bodas plateado con flores blancas, listones plateados con dorado.', 'Color: Plateado,', 1, 385, '2016-04-23 02:00:55'),
(824553257120, 'COM', 18, 'Juego de primera comunión para niña, contiene una vela decorada con la Virgen en repujado, un libro  decorado con la Virgen en repujado de varios colores y un rosario de cristal.', 'Tipo: Biblia,', 1, 285, '2016-04-24 23:35:03'),
(824818301676, 'BOD', 4, 'juego de copas de cristal con detalles en color blanco y perla. Incluye base de cristal', 'Color: Cristal,', 1, 235, '2016-04-24 16:08:07'),
(826833756623, 'COM', 18, 'Juego de primera comunión para niño, contiene una vela decorada con listón blanco, un libro forrado con tela blanca, decorado con encaje y adornos de listón del mismo color, una cruz de cristal y un rosario.', 'Tipo: Biblia,', 1, 255, '2016-04-24 23:41:09'),
(828150684525, 'COM', 18, 'Juego de primera comunión para niño, incluye una biblia decorada con listón blanco al rededor, un rosario de cristal y una vela decorada con listón y un adorno de uvas.', 'Tipo: Biblia,', 1, 185, '2016-04-27 04:03:37'),
(834491580774, 'BOD', 4, 'Hermoso juego de copas de cristal para boda son lindos detalles en blanco con bisutería de perlas. Incluye base de cristal', 'Color: Cristal,', 1, 235, '2016-04-24 15:32:11'),
(836588807640, 'XVA', 2, 'Ramo de XV años con hermosos cristales y detalles en color plata.', 'Color: Rojo,', 1, 590, '2016-04-24 01:35:21'),
(839540690885, 'BOD', 4, 'Juego de copas de cristal para boda con elegante grabados en color dorado. Incluye figuras de recién casados.', 'Color: Cristal,', 1, 385, '2016-04-24 01:58:50'),
(841560790201, 'COM', 18, 'Juego de primera comunión, contiene una vela decorada con la imagen de la Virgen María  en repujado color dorado ,un rosario y una biblia.', 'Tipo: Biblia,', 1, 255, '2016-04-24 23:11:33'),
(845298115857, 'BOD', 7, 'Tocado para bodas de cristal y color plata.', 'Color: Cristal,', 1, 240, '2016-04-23 02:00:55'),
(852570696237, 'BOD', 2, 'Ramo de bodas color perla con blanco, y listones color plateado.', 'Color: Perla,', 1, 385, '2016-04-23 02:00:55'),
(854793267406, 'XVA', 2, 'Juego de ramo y tocado de XV años con detalles de cristalería y adornos en color plata.', 'Color: Rojo,', 1, 515, '2016-04-24 01:02:46'),
(860171491954, 'XVA', 2, 'Ramo de XV años con detalles en dorado y cristales en el centro así como en todo su contorno.', 'Color: Rojo,', 1, 590, '2016-04-24 02:22:34'),
(877755952145, 'XVA', 2, 'Ramo XV años formado por flores con perlas en sus centros, cristales en forma de flor y con distintas tonalidades de morado.', 'Color: Morado,', 1, 499, '2016-04-24 02:58:01'),
(881555849504, 'XVA', 4, 'Juego de copas de cristal para XV años con decorado azul rey. Incluye base de cristal.', 'Color: Cristal,', 1, 335, '2016-04-24 15:19:12'),
(881873378226, 'BOD', 2, 'Ramo para bodas cristal, color plata con blando y adorno de estrella en el centro.', 'Color: Blanco,', 1, 590, '2016-04-23 02:00:55'),
(900634965867, 'XVA', 7, 'Tocado de XV años con listones en tonalidades verdes y pequeñas rosas.', 'Color: Verde,', 1, 125, '2016-04-24 01:25:42'),
(903440506593, 'XVA', 2, 'Juego de XV años, tocado y ramo formados por flores con perlas en el centro y cristales en forma de flor.', 'Color: Verde Agua,', 1, 625, '2016-04-24 03:08:38'),
(906652790227, 'XVA', 2, 'Ramo XV años en color vino con detalles en color dorado, también tiene cristales tornasol.', 'Color: Vino,', 1, 435, '2016-04-24 03:40:26'),
(908204475833, 'XVA', 7, 'Tocado para XV años con listones y bellos detalles de cristales.', 'Color: Morado,', 1, 245, '2016-04-24 01:05:09'),
(914107242424, 'COM', 18, 'Juego de primera comunión para niña, incluye vela  decorada con repujado en color dorado y libro decorado con repujado en el mismo tono con una pequeña imagen en el centro. ', 'Tipo: Biblia,', 1, 255, '2016-04-24 22:15:48'),
(916990412521, 'COM', 18, 'Juego de primera comunión para niña, contiene una vela decorada con listón blanco con tonos plateados y un adorno  hecho de piedras brillantes, un rosario de cristal y un libro.', 'Tipo: Biblia,', 1, 155, '2016-04-24 21:36:34'),
(927657148352, 'BOD', 2, 'Ramo de bodas, color plateado con listones blancos, flores de cristal y listones plateados.', 'Color: Plateado,', 1, 310, '2016-04-23 02:00:55'),
(928937647855, 'PRE', 4, 'Copa de presentacion con fino decorado en plata y azul', 'Color: Cristal,', 1, 185, '2016-04-24 18:57:54'),
(931135873720, 'COM', 18, 'Juego de primera comunión, incluye una vela decorada con listón blanco, un libro forrado con tela blanca, decorado con encaje y adornos de listón del mismo color y un rosario de cristal.', 'Tipo: Biblia,', 1, 289, '2016-04-24 21:44:35'),
(933238744853, 'COM', 18, 'Juego de primera comunión, incluye una vela decorada con listón en tono beige y una imagen de Juan Pablo II,un rosario color dorado y un libro decorado con tela mate color beige, listón del mismo tono y encaje.', 'Tipo: Biblia,', 1, 245, '2016-04-24 22:28:32'),
(934201814735, 'XVA', 7, 'Tocado para XV años  con flores y cristales en forma de rosa, así como perlas en el centro de las flores.', 'Color: Morado,', 1, 185, '2016-04-24 01:13:52'),
(934555272576, 'PRE', 4, 'Copa de presentación con decoraciones en color dorado. Incluye base de cristal.', 'Color: Cristal,', 1, 180, '2016-04-24 15:53:57'),
(942821310588, 'BOD', 2, 'Ramo para bodas de rosas color perla y adornos en plata. ', 'Color: Perla,', 1, 499, '2016-04-23 02:00:55'),
(942993395691, 'XVA', 7, 'Tocado de XV años con listones en tonalidades verdes y pequeñas flores de cristal.', 'Color: Verde,', 1, 125, '2016-04-24 01:22:42'),
(953660131522, 'PRE', 4, 'Juego de copas de cristal para presentació con decoracion de listones en azul claro', 'Color: Cristal,', 1, 215, '2016-04-24 00:07:05'),
(955383801330, 'PRE', 4, 'Copa de prestación con acabados en color acua.', 'Color: Cristal,', 1, 79, '2016-04-24 16:15:42'),
(971339948345, 'XVA', 2, 'Ramo XV años en tono uva y morado con detalles en color plata en forma de rehilete.', 'Color: Morado,', 1, 590, '2016-04-24 02:34:57'),
(973993104905, 'XVA', 4, 'Juego de copas para XV años con decoraciones en azul rey', 'Color: Cristal,', 1, 320, '2016-04-24 16:19:19'),
(978496572856, 'XVA', 2, 'Ramo XV años con hermosos detalles en color plata, pequeñas mariposas en color blanco y listones verdes.', 'Color: Verde,', 1, 315, '2016-04-24 03:22:15'),
(982323212798, 'COM', 18, 'Juego de primera comunión para niña, contiene una vela decorada con listón blanco y piedras brillantes, un libro con listón blanco en los bordes y un rosario de cristal.', 'Tipo: Biblia,', 1, 155, '2016-04-24 23:31:13'),
(993686476676, 'BOD', 2, 'Ramo color dorado para bodas, con adornos de cristal en forma de flores, y hojas color perla.', 'Color: Dorado,', 1, 445, '2016-04-23 02:00:55');

-- --------------------------------------------------------

--
-- Estructura de tabla para la tabla `subcategorias`
--

CREATE TABLE `subcategorias` (
  `id` int(3) NOT NULL,
  `subcategoria` varchar(64) COLLATE utf8_spanish_ci NOT NULL
) ENGINE=InnoDB DEFAULT CHARSET=utf8 COLLATE=utf8_spanish_ci;

--
-- Volcado de datos para la tabla `subcategorias`
--

INSERT INTO `subcategorias` (`id`, `subcategoria`) VALUES
(1, 'Vestidos'),
(2, 'Ramos'),
(3, 'Juego de Primera Comunión'),
(4, 'Copas'),
(5, 'Coronas'),
(6, 'Cetros'),
(7, 'Tocados'),
(8, 'Velos'),
(9, 'Caja para Lazo'),
(10, 'Zapatos'),
(11, 'Cobija para Bautizo'),
(12, 'Tobilleras'),
(13, 'Camisas'),
(14, 'Trajes'),
(15, 'Corbatas'),
(16, 'Sabana para Bautizo'),
(17, 'Velas'),
(18, 'Libros'),
(19, 'Rosarios'),
(20, 'Album'),
(21, 'Lazos'),
(22, 'Juego de Pala y Cuchillo'),
(23, 'Arras '),
(24, 'Cojines'),
(25, 'Muñecas');

-- --------------------------------------------------------

--
-- Estructura de tabla para la tabla `talla`
--

CREATE TABLE `talla` (
  `id` int(11) NOT NULL,
  `talla` int(3) NOT NULL
) ENGINE=InnoDB DEFAULT CHARSET=utf16 COLLATE=utf16_spanish_ci;

--
-- Volcado de datos para la tabla `talla`
--

INSERT INTO `talla` (`id`, `talla`) VALUES
(1, 2),
(2, 4),
(3, 6),
(4, 8),
(5, 10),
(6, 12),
(7, 14),
(8, 16),
(9, 18),
(10, 20),
(11, 22),
(12, 24),
(13, 26),
(14, 28),
(15, 30),
(16, 32),
(17, 34),
(18, 36),
(19, 38),
(20, 40),
(21, 42),
(22, 44);

-- --------------------------------------------------------

--
-- Estructura de tabla para la tabla `tiendas`
--

CREATE TABLE `tiendas` (
  `idtienda` int(11) NOT NULL,
  `nombre` varchar(128) COLLATE utf8_spanish_ci DEFAULT NULL,
  `direccion` varchar(128) COLLATE utf8_spanish_ci DEFAULT NULL,
  `telefono` varchar(64) COLLATE utf8_spanish_ci DEFAULT NULL
) ENGINE=InnoDB DEFAULT CHARSET=utf8 COLLATE=utf8_spanish_ci;

--
-- Volcado de datos para la tabla `tiendas`
--

INSERT INTO `tiendas` (`idtienda`, `nombre`, `direccion`, `telefono`) VALUES
(1, 'Casa Varcheli', 'Centro', '3272727'),
(2, 'Casa Varcheli 2', 'Dirección nueva de la tienda #2, datos nuevos.', '3101112');

-- --------------------------------------------------------

--
-- Estructura de tabla para la tabla `tipo`
--

CREATE TABLE `tipo` (
  `id` int(11) NOT NULL,
  `tipo` varchar(64) COLLATE utf8_spanish_ci NOT NULL
) ENGINE=InnoDB DEFAULT CHARSET=utf8 COLLATE=utf8_spanish_ci;

--
-- Volcado de datos para la tabla `tipo`
--

INSERT INTO `tipo` (`id`, `tipo`) VALUES
(1, 'Biblia'),
(2, 'Nuevo Testamento');

-- --------------------------------------------------------

--
-- Estructura de tabla para la tabla `ventas`
--

CREATE TABLE `ventas` (
  `id` int(11) NOT NULL,
  `fecha` timestamp NOT NULL DEFAULT CURRENT_TIMESTAMP,
  `total` int(11) NOT NULL
) ENGINE=InnoDB DEFAULT CHARSET=utf8 COLLATE=utf8_spanish_ci;

-- --------------------------------------------------------

--
-- Estructura de tabla para la tabla `visitas`
--

CREATE TABLE `visitas` (
  `id` int(11) NOT NULL,
  `dir_ip` varchar(15) CHARACTER SET utf8 COLLATE utf8_spanish_ci NOT NULL,
  `fecha` timestamp NOT NULL DEFAULT CURRENT_TIMESTAMP,
  `idseccion` char(4) CHARACTER SET utf8 COLLATE utf8_spanish_ci DEFAULT NULL
) ENGINE=InnoDB DEFAULT CHARSET=latin1;

--
-- Volcado de datos para la tabla `visitas`
--

INSERT INTO `visitas` (`id`, `dir_ip`, `fecha`, `idseccion`) VALUES
(29, '187.240.132.20', '2016-04-01 00:00:50', 'BOD'),
(30, '187.240.132.20', '2016-04-01 00:01:04', 'BAU'),
(31, '187.240.132.20', '2016-04-01 00:01:19', 'XVA'),
(32, '187.240.132.20', '2016-04-01 00:01:20', 'CAB'),
(33, '187.240.132.20', '2016-04-01 00:01:22', 'PRE'),
(34, '187.240.132.20', '2016-04-01 00:11:37', 'BOD'),
(35, '187.240.132.20', '2016-04-01 01:27:09', 'XVA'),
(36, '187.240.132.20', '2016-04-01 01:28:30', 'PRE'),
(37, '187.240.132.20', '2016-04-01 01:29:27', 'COM'),
(38, '187.240.132.20', '2016-04-01 01:30:18', 'BAU'),
(39, '187.240.132.20', '2016-04-01 01:30:52', 'CAB'),
(40, '187.240.132.20', '2016-04-01 04:01:05', 'CAB'),
(41, '187.240.132.20', '2016-04-01 04:02:06', 'CAB'),
(42, '187.216.136.34', '2016-04-01 16:38:03', ''),
(43, '187.216.136.34', '2016-04-01 16:38:19', 'CAR'),
(44, '187.216.136.34', '2016-04-01 16:43:08', 'BOD'),
(45, '187.216.136.34', '2016-04-01 16:44:46', 'BOD'),
(46, '201.156.214.195', '2016-04-02 02:41:22', ''),
(47, '201.156.214.195', '2016-04-02 02:42:36', 'PRE'),
(48, '201.156.214.195', '2016-04-02 03:29:58', ''),
(49, '201.156.214.195', '2016-04-02 03:30:19', ''),
(50, '201.156.214.195', '2016-04-02 03:32:46', ''),
(51, '201.156.214.195', '2016-04-02 04:45:31', ''),
(52, '177.243.125.122', '2016-04-02 19:16:59', ''),
(53, '187.44.110.72', '2016-04-02 20:36:49', ''),
(54, '177.243.125.122', '2016-04-02 21:39:40', 'XVA'),
(55, '177.243.125.122', '2016-04-02 21:45:18', 'XVA'),
(56, '201.156.214.195', '2016-04-02 21:45:36', ''),
(57, '201.156.214.195', '2016-04-02 21:45:40', 'PRE'),
(58, '201.156.214.195', '2016-04-02 21:45:51', 'PRE'),
(59, '201.156.214.195', '2016-04-02 21:46:24', 'PRE'),
(60, '201.156.214.195', '2016-04-02 21:46:54', 'CAR'),
(61, '77.69.204.114', '2016-04-03 20:05:10', ''),
(62, '37.237.144.49', '2016-04-03 20:47:31', ''),
(63, '177.0.144.167', '2016-04-04 00:09:34', ''),
(64, '187.191.28.146', '2016-04-04 13:51:41', ''),
(65, '85.240.99.165', '2016-04-04 14:18:24', ''),
(66, '189.31.152.170', '2016-04-04 20:00:54', ''),
(67, '187.240.239.251', '2016-04-06 02:50:43', ''),
(68, '187.240.239.251', '2016-04-06 02:50:46', 'CAR'),
(69, '187.240.239.251', '2016-04-06 02:50:52', 'BOD'),
(70, '187.240.239.251', '2016-04-06 02:50:55', 'XVA'),
(71, '187.240.239.251', '2016-04-06 02:50:57', 'PRE'),
(72, '187.240.239.251', '2016-04-06 02:50:58', 'COM'),
(73, '187.240.239.251', '2016-04-06 02:50:59', 'BAU'),
(74, '187.240.239.251', '2016-04-06 02:51:15', 'BAU'),
(75, '187.240.239.251', '2016-04-06 02:51:46', 'BAU'),
(76, '200.175.212.135', '2016-04-06 15:35:26', ''),
(77, '187.240.239.251', '2016-04-06 16:49:27', ''),
(78, '187.240.239.251', '2016-04-06 16:49:31', 'CAR'),
(79, '187.240.239.251', '2016-04-06 16:49:37', 'CAR'),
(80, '187.240.239.251', '2016-04-06 16:49:58', 'CAR'),
(81, '83.93.61.112', '2016-04-06 18:07:37', ''),
(82, '201.156.214.195', '2016-04-07 05:53:32', ''),
(83, '191.183.75.254', '2016-04-07 12:44:56', ''),
(84, '54.233.92.164', '2016-04-07 20:20:09', ''),
(85, '187.154.240.16', '2016-04-07 20:41:01', ''),
(86, '187.154.240.16', '2016-04-07 20:41:25', 'BOD'),
(87, '187.154.240.16', '2016-04-07 20:42:16', 'BOD'),
(88, '187.154.240.16', '2016-04-07 20:42:31', 'BOD'),
(89, '187.154.183.228', '2016-04-07 20:48:56', 'BOD'),
(90, '187.154.183.228', '2016-04-07 20:49:02', 'BOD'),
(91, '187.240.132.20', '2016-04-07 23:27:08', ''),
(92, '187.240.132.20', '2016-04-07 23:27:11', 'BOD'),
(93, '187.240.132.20', '2016-04-08 00:11:39', 'XVA'),
(94, '187.240.132.20', '2016-04-08 00:11:49', 'BOD'),
(95, '187.240.132.20', '2016-04-08 00:21:11', 'BOD'),
(96, '187.240.132.20', '2016-04-08 01:50:45', 'BOD'),
(97, '187.240.132.20', '2016-04-08 01:50:47', 'BOD'),
(98, '187.240.132.20', '2016-04-08 02:01:53', 'PRE'),
(99, '187.240.132.20', '2016-04-08 02:05:40', 'COM'),
(100, '187.240.132.20', '2016-04-08 02:06:14', 'COM'),
(101, '187.240.132.20', '2016-04-08 02:50:47', 'COM'),
(102, '187.240.132.20', '2016-04-08 02:50:49', 'COM'),
(103, '187.240.132.20', '2016-04-08 02:52:13', 'COM'),
(104, '187.240.132.20', '2016-04-08 02:57:38', 'COM'),
(105, '187.240.132.20', '2016-04-08 03:09:34', 'BOD'),
(106, '187.240.132.20', '2016-04-08 03:36:48', 'BOD'),
(107, '187.240.132.20', '2016-04-08 03:40:58', 'BOD'),
(108, '187.240.132.20', '2016-04-08 04:48:43', 'XVA'),
(109, '187.240.132.20', '2016-04-08 04:48:50', 'XVA'),
(110, '187.240.132.20', '2016-04-08 04:52:03', 'XVA'),
(111, '187.240.132.20', '2016-04-08 04:52:07', 'XVA'),
(112, '187.240.132.20', '2016-04-08 07:11:00', 'XVA'),
(113, '187.240.132.20', '2016-04-08 07:11:21', 'XVA'),
(114, '187.240.132.20', '2016-04-08 07:23:24', ''),
(115, '187.240.132.20', '2016-04-08 07:23:31', ''),
(116, '187.240.132.20', '2016-04-08 07:23:48', ''),
(117, '207.46.13.144', '2016-04-08 08:14:04', ''),
(118, '13.90.208.199', '2016-04-08 08:27:04', ''),
(119, '187.240.132.20', '2016-04-08 12:50:47', ''),
(120, '216.145.5.42', '2016-04-08 18:56:53', ''),
(121, '189.83.45.93', '2016-04-08 19:16:55', ''),
(122, '187.240.132.20', '2016-04-08 19:24:39', ''),
(123, '187.240.132.20', '2016-04-08 20:43:00', 'CAR'),
(124, '187.240.132.20', '2016-04-08 21:21:12', 'CAR'),
(125, '187.240.132.20', '2016-04-08 21:21:15', 'BOD'),
(126, '187.240.132.20', '2016-04-09 01:23:41', ''),
(127, '187.240.132.20', '2016-04-09 01:24:01', ''),
(128, '187.240.132.20', '2016-04-09 01:24:51', 'CAR'),
(129, '187.240.132.20', '2016-04-09 01:26:52', 'CAR'),
(130, '156.212.166.57', '2016-04-09 07:37:16', ''),
(131, '187.240.132.20', '2016-04-09 15:39:23', ''),
(132, '187.240.132.20', '2016-04-09 20:05:40', ''),
(133, '187.240.132.20', '2016-04-09 20:05:52', 'BOD'),
(134, '187.240.132.20', '2016-04-09 20:25:03', ''),
(135, '187.240.132.20', '2016-04-10 02:32:40', ''),
(136, '187.240.132.20', '2016-04-10 02:32:43', 'BOD'),
(137, '187.240.132.20', '2016-04-10 02:48:30', ''),
(138, '187.240.132.20', '2016-04-10 02:48:36', 'BOD'),
(139, '187.240.132.20', '2016-04-10 03:36:03', ''),
(140, '187.240.132.20', '2016-04-10 05:18:47', ''),
(141, '187.240.132.20', '2016-04-10 05:21:01', ''),
(142, '187.240.132.20', '2016-04-10 05:21:13', 'BOD'),
(143, '187.240.132.20', '2016-04-10 05:21:31', 'BOD'),
(144, '187.240.132.20', '2016-04-10 05:21:52', 'BOD'),
(145, '46.227.0.219', '2016-04-10 06:17:17', ''),
(146, '198.101.238.203', '2016-04-10 08:04:33', ''),
(147, '192.237.216.89', '2016-04-10 18:07:51', ''),
(148, '187.240.132.20', '2016-04-10 18:28:19', ''),
(149, '187.240.132.20', '2016-04-10 18:28:22', 'COM'),
(150, '187.240.132.20', '2016-04-10 18:31:38', 'BAU'),
(151, '187.240.132.20', '2016-04-10 18:34:29', 'CAB'),
(152, '187.240.132.20', '2016-04-10 18:41:25', 'CAB'),
(153, '187.240.132.20', '2016-04-10 21:08:19', 'CAB'),
(154, '201.156.214.195', '2016-04-10 21:43:41', ''),
(155, '201.156.214.195', '2016-04-10 21:43:49', 'CAR'),
(156, '201.156.214.195', '2016-04-10 21:44:07', 'CAR'),
(157, '201.156.214.195', '2016-04-10 21:47:05', 'CAR'),
(158, '201.156.214.195', '2016-04-10 21:47:10', 'CAR'),
(159, '187.191.28.146', '2016-04-11 16:21:23', ''),
(160, '187.191.28.146', '2016-04-11 16:21:36', 'CAR'),
(161, '187.191.28.146', '2016-04-11 16:37:27', ''),
(162, '187.191.28.146', '2016-04-11 16:39:54', 'CAR'),
(163, '187.191.28.146', '2016-04-11 16:40:07', 'CAR'),
(164, '187.191.28.146', '2016-04-11 16:40:14', 'CAR'),
(165, '187.191.28.146', '2016-04-11 16:40:28', 'CAR'),
(166, '187.191.28.146', '2016-04-11 16:42:26', 'CAR'),
(167, '187.191.28.146', '2016-04-11 16:46:13', 'CAR'),
(168, '187.191.28.146', '2016-04-11 16:46:18', 'CAR'),
(169, '187.191.28.146', '2016-04-11 16:46:32', 'CAR'),
(170, '187.191.28.146', '2016-04-11 21:33:44', ''),
(171, '187.210.230.13', '2016-04-11 23:22:32', ''),
(172, '187.240.132.20', '2016-04-12 00:29:52', ''),
(173, '187.240.132.20', '2016-04-12 00:34:20', 'CAR'),
(174, '187.240.132.20', '2016-04-12 00:38:28', 'CAR'),
(175, '201.156.214.195', '2016-04-12 00:41:03', ''),
(176, '187.240.132.20', '2016-04-12 00:43:47', ''),
(177, '173.252.90.233', '2016-04-12 00:59:40', ''),
(178, '187.240.132.20', '2016-04-12 01:00:05', 'CAR'),
(179, '177.224.200.173', '2016-04-12 01:01:51', ''),
(180, '187.240.239.251', '2016-04-12 02:10:37', ''),
(181, '177.243.125.122', '2016-04-12 02:11:58', ''),
(182, '187.240.132.20', '2016-04-12 02:19:04', 'CAR'),
(183, '177.243.125.122', '2016-04-12 02:21:13', 'CAR'),
(184, '177.243.125.122', '2016-04-12 02:23:01', 'BOD'),
(185, '177.243.125.122', '2016-04-12 02:23:13', 'XVA'),
(186, '177.243.125.122', '2016-04-12 02:23:22', 'PRE'),
(187, '177.243.125.122', '2016-04-12 02:23:26', 'COM'),
(188, '177.243.125.122', '2016-04-12 02:23:28', 'BAU'),
(189, '177.243.125.122', '2016-04-12 02:23:32', 'CAB'),
(190, '177.243.125.122', '2016-04-12 02:24:02', 'CAB'),
(191, '187.240.239.251', '2016-04-12 03:32:39', ''),
(192, '187.240.132.20', '2016-04-12 03:49:53', 'CAR'),
(193, '187.240.132.20', '2016-04-12 03:49:57', 'CAR'),
(194, '187.240.132.20', '2016-04-12 03:50:06', 'CAR'),
(195, '187.240.132.20', '2016-04-12 03:50:36', 'CAR'),
(196, '187.240.239.251', '2016-04-12 03:51:20', 'CAR'),
(197, '187.240.132.20', '2016-04-12 03:57:27', 'CAR'),
(198, '187.240.132.20', '2016-04-12 03:57:30', 'BOD'),
(199, '187.240.132.20', '2016-04-12 03:57:35', 'BOD'),
(200, '187.240.132.20', '2016-04-12 03:58:14', 'BOD'),
(201, '187.240.132.20', '2016-04-12 04:00:13', 'BOD'),
(202, '187.240.132.20', '2016-04-12 04:00:22', 'BOD'),
(203, '187.240.132.20', '2016-04-12 04:00:27', 'BOD'),
(204, '187.240.132.20', '2016-04-12 04:00:28', 'BOD'),
(205, '187.240.132.20', '2016-04-12 04:02:01', 'BOD'),
(206, '187.240.132.20', '2016-04-12 04:02:59', 'BOD'),
(207, '187.240.132.20', '2016-04-12 04:05:08', 'BOD'),
(208, '187.240.132.20', '2016-04-12 04:10:47', 'BOD'),
(209, '187.240.132.20', '2016-04-12 04:10:50', 'BOD'),
(210, '187.240.239.251', '2016-04-12 04:11:57', 'CAR'),
(211, '187.240.239.251', '2016-04-12 04:12:02', 'BOD'),
(212, '187.240.239.251', '2016-04-12 04:12:05', 'XVA'),
(213, '187.240.239.251', '2016-04-12 04:12:07', 'PRE'),
(214, '187.240.239.251', '2016-04-12 04:12:08', 'COM'),
(215, '187.240.239.251', '2016-04-12 04:12:10', 'BAU'),
(216, '187.240.239.251', '2016-04-12 04:12:16', 'BAU'),
(217, '187.240.132.20', '2016-04-12 04:12:42', 'BOD'),
(218, '187.240.239.251', '2016-04-12 04:12:42', 'BAU'),
(219, '187.240.239.251', '2016-04-12 04:12:50', 'BAU'),
(220, '187.240.239.251', '2016-04-12 04:12:58', 'BAU'),
(221, '187.240.239.251', '2016-04-12 04:13:02', 'BAU'),
(222, '187.240.239.251', '2016-04-12 04:13:18', 'BAU'),
(223, '187.240.132.20', '2016-04-12 04:16:40', 'BOD'),
(224, '187.240.239.251', '2016-04-12 04:20:01', 'BAU'),
(225, '187.240.239.251', '2016-04-12 04:20:05', 'BAU'),
(226, '187.240.239.251', '2016-04-12 04:20:10', 'BAU'),
(227, '187.240.239.251', '2016-04-12 04:20:15', 'XVA'),
(228, '187.240.239.251', '2016-04-12 04:20:17', 'BAU'),
(229, '187.240.239.251', '2016-04-12 04:20:20', 'BOD'),
(230, '187.240.132.20', '2016-04-12 04:20:23', 'BOD'),
(231, '187.240.239.251', '2016-04-12 04:20:38', 'BOD'),
(232, '187.240.239.251', '2016-04-12 04:20:55', 'BOD'),
(233, '187.240.239.251', '2016-04-12 04:20:59', 'BOD'),
(234, '187.240.239.251', '2016-04-12 04:21:05', 'BOD'),
(235, '187.240.239.251', '2016-04-12 04:21:09', 'BOD'),
(236, '187.240.239.251', '2016-04-12 04:21:17', 'BOD'),
(237, '187.240.239.251', '2016-04-12 04:21:22', 'BOD'),
(238, '187.240.239.251', '2016-04-12 04:21:31', 'BOD'),
(239, '187.240.239.251', '2016-04-12 04:21:37', 'BOD'),
(240, '187.240.239.251', '2016-04-12 04:22:11', 'BOD'),
(241, '187.240.239.251', '2016-04-12 04:23:00', ''),
(242, '187.240.239.251', '2016-04-12 04:24:29', 'CAR'),
(243, '187.240.239.251', '2016-04-12 04:25:00', ''),
(244, '187.240.239.251', '2016-04-12 04:26:33', 'CAR'),
(245, '187.240.132.20', '2016-04-12 04:27:30', 'BOD'),
(246, '187.240.239.251', '2016-04-12 04:31:59', 'CAR'),
(247, '187.240.239.251', '2016-04-12 04:54:13', 'CAR'),
(248, '200.216.45.209', '2016-04-12 11:44:45', ''),
(249, '187.134.255.126', '2016-04-12 16:31:41', ''),
(250, '187.134.255.126', '2016-04-12 16:41:21', 'CAR'),
(251, '187.134.255.126', '2016-04-12 16:41:38', 'BOD'),
(252, '187.134.255.126', '2016-04-12 16:44:11', 'CAB'),
(253, '187.134.255.126', '2016-04-12 16:44:26', 'CAB'),
(254, '187.134.255.126', '2016-04-12 16:44:44', 'PRE'),
(255, '187.134.255.126', '2016-04-12 16:47:58', 'XVA'),
(256, '187.134.255.126', '2016-04-12 16:48:04', 'BOD'),
(257, '187.134.255.126', '2016-04-12 16:48:33', 'BOD'),
(258, '187.240.132.20', '2016-04-13 00:47:34', ''),
(259, '201.156.214.195', '2016-04-13 02:50:52', ''),
(260, '187.240.239.251', '2016-04-13 02:59:30', ''),
(261, '187.240.239.251', '2016-04-13 04:39:30', 'CAR'),
(262, '187.240.239.251', '2016-04-13 04:51:38', 'CAR'),
(263, '187.240.239.251', '2016-04-13 05:00:02', 'CAR'),
(264, '187.240.239.251', '2016-04-13 05:00:06', 'BOD'),
(265, '187.240.239.251', '2016-04-13 05:00:08', 'XVA'),
(266, '187.240.239.251', '2016-04-13 05:00:09', 'PRE'),
(267, '187.240.239.251', '2016-04-13 05:00:11', 'COM'),
(268, '187.240.239.251', '2016-04-13 05:00:12', 'BAU'),
(269, '187.240.239.251', '2016-04-13 05:00:12', 'CAB'),
(270, '187.240.239.251', '2016-04-13 05:00:15', 'BOD'),
(271, '187.240.239.251', '2016-04-13 05:23:52', 'BOD'),
(272, '187.240.239.251', '2016-04-13 06:14:27', 'BOD'),
(273, '187.240.239.251', '2016-04-13 06:14:34', 'BOD'),
(274, '187.240.239.251', '2016-04-13 06:14:37', 'BOD'),
(275, '187.240.239.251', '2016-04-13 06:14:49', 'BOD'),
(276, '187.240.239.251', '2016-04-13 06:15:02', 'BOD'),
(277, '187.240.239.251', '2016-04-13 06:15:06', 'BOD'),
(278, '189.168.195.118', '2016-04-13 14:10:37', ''),
(279, '37.48.80.101', '2016-04-13 18:32:27', ''),
(280, '187.134.63.54', '2016-04-13 20:19:51', ''),
(281, '197.231.221.211', '2016-04-13 22:35:02', ''),
(282, '207.102.138.158', '2016-04-13 23:45:43', ''),
(283, '207.102.138.158', '2016-04-13 23:45:45', ''),
(284, '187.240.239.251', '2016-04-14 01:46:09', ''),
(285, '187.240.239.251', '2016-04-14 01:46:22', 'CAR'),
(286, '207.46.13.167', '2016-04-14 04:06:43', ''),
(287, '66.249.64.67', '2016-04-14 12:12:54', ''),
(288, '187.240.132.20,', '2016-04-14 13:01:27', ''),
(289, '37.48.80.101', '2016-04-14 14:44:06', ''),
(290, '187.240.239.251', '2016-04-15 01:40:13', ''),
(291, '187.240.239.251', '2016-04-15 01:41:50', 'CAR'),
(292, '177.243.106.180', '2016-04-15 01:59:54', ''),
(293, '177.243.106.180', '2016-04-15 02:00:05', 'COM'),
(294, '177.243.106.180', '2016-04-15 02:00:29', 'COM'),
(295, '187.240.132.20', '2016-04-15 02:21:42', ''),
(296, '204.101.161.159', '2016-04-15 02:26:46', ''),
(297, '187.240.239.251', '2016-04-16 05:14:35', 'CAR'),
(298, '187.191.28.146', '2016-04-16 20:48:52', ''),
(299, '187.191.28.146', '2016-04-16 21:27:39', ''),
(300, '201.156.214.195', '2016-04-16 23:29:28', ''),
(301, '187.240.132.20', '2016-04-17 00:08:17', ''),
(302, '187.240.132.20', '2016-04-17 00:12:42', 'CAR'),
(303, '187.240.239.251', '2016-04-17 18:29:40', ''),
(304, '187.240.132.20', '2016-04-17 22:38:00', ''),
(305, '192.99.150.120', '2016-04-18 01:45:58', ''),
(306, '192.99.150.120', '2016-04-18 01:47:01', ''),
(307, '31.13.113.94', '2016-04-18 01:47:07', ''),
(308, '201.156.214.195', '2016-04-19 00:36:45', ''),
(309, '187.240.132.20', '2016-04-19 00:49:44', ''),
(310, '201.156.214.195', '2016-04-19 00:53:32', 'CAR'),
(311, '201.156.214.195', '2016-04-19 00:58:53', 'CAR'),
(312, '187.240.132.20', '2016-04-19 01:22:23', 'CAR'),
(313, '66.220.156.98', '2016-04-19 02:36:25', ''),
(314, '187.240.239.251', '2016-04-19 02:36:25', ''),
(315, '177.243.125.122', '2016-04-19 02:40:39', ''),
(316, '177.243.125.122', '2016-04-19 02:40:53', ''),
(317, '187.240.239.251', '2016-04-19 02:41:18', 'CAR'),
(318, '187.240.239.251', '2016-04-19 02:41:26', 'BOD'),
(319, '177.243.113.56', '2016-04-19 02:44:46', ''),
(320, '177.243.125.122', '2016-04-19 02:45:48', 'CAR'),
(321, '187.240.239.251', '2016-04-19 03:12:55', ''),
(322, '187.240.239.251', '2016-04-19 03:20:47', 'CAR'),
(323, '187.240.239.251', '2016-04-19 03:20:49', 'BOD'),
(324, '187.240.239.251', '2016-04-19 03:21:03', 'BOD'),
(325, '187.240.239.251', '2016-04-19 03:36:53', 'BOD'),
(326, '187.240.239.251', '2016-04-19 03:36:56', 'BOD'),
(327, '187.240.132.20', '2016-04-19 12:55:38', ''),
(328, '187.240.132.20', '2016-04-19 13:20:52', ''),
(329, '187.240.132.20', '2016-04-19 13:24:58', 'CAR'),
(330, '187.240.132.20', '2016-04-19 13:25:00', 'BOD'),
(331, '110.83.60.203', '2016-04-19 16:12:02', ''),
(332, '187.191.28.146', '2016-04-19 16:47:21', ''),
(333, '187.191.28.146', '2016-04-19 16:48:08', 'BOD'),
(334, '187.191.28.146', '2016-04-19 16:48:24', 'BAU'),
(335, '187.191.28.146', '2016-04-19 16:48:29', 'BAU'),
(336, '187.191.28.146', '2016-04-19 16:50:16', 'BAU'),
(337, '187.191.28.146', '2016-04-19 16:50:41', 'BAU'),
(338, '187.191.28.146', '2016-04-19 17:17:32', ''),
(339, '187.191.28.146', '2016-04-19 17:30:23', 'CAR'),
(340, '187.191.28.146', '2016-04-19 17:31:54', 'CAR'),
(341, '187.191.28.146', '2016-04-19 17:47:37', ''),
(342, '187.191.28.146', '2016-04-19 17:49:26', 'CAR'),
(343, '187.191.28.146', '2016-04-19 17:51:15', 'CAR'),
(344, '187.191.28.146', '2016-04-19 17:51:22', 'CAR'),
(345, '187.191.28.146', '2016-04-19 17:51:54', 'CAR'),
(346, '187.191.28.146', '2016-04-19 17:52:11', 'CAR'),
(347, '187.191.28.146', '2016-04-19 17:52:42', 'CAR'),
(348, '187.191.28.146', '2016-04-19 17:54:13', 'CAR'),
(349, '187.191.28.146', '2016-04-19 17:58:17', 'CAR'),
(350, '187.191.28.146', '2016-04-19 18:02:06', 'CAR'),
(351, '187.191.28.146', '2016-04-19 18:05:13', 'CAR'),
(352, '187.191.28.146', '2016-04-19 18:05:21', 'BOD'),
(353, '187.191.28.146', '2016-04-19 18:10:00', 'BOD'),
(354, '66.249.64.72', '2016-04-19 18:19:35', ''),
(355, '187.191.28.146', '2016-04-19 19:58:42', 'BAU'),
(356, '173.252.122.117', '2016-04-19 19:58:51', ''),
(357, '187.191.28.146', '2016-04-19 20:14:01', ''),
(358, '187.191.28.146', '2016-04-19 20:14:14', 'CAR'),
(359, '187.191.28.146', '2016-04-19 20:16:08', 'CAR'),
(360, '187.191.28.146', '2016-04-19 20:16:58', 'CAR'),
(361, '187.191.28.146', '2016-04-19 20:17:00', 'CAR'),
(362, '187.191.28.146', '2016-04-19 20:17:28', 'CAR'),
(363, '187.191.28.146', '2016-04-19 20:18:00', 'CAR'),
(364, '187.191.28.146', '2016-04-19 20:18:08', 'CAR'),
(365, '187.191.28.146', '2016-04-19 20:19:32', 'CAR'),
(366, '187.191.28.146', '2016-04-19 20:32:04', 'CAR'),
(367, '187.191.28.146', '2016-04-19 20:34:54', 'CAR'),
(368, '187.191.28.146', '2016-04-19 20:38:56', 'CAR'),
(369, '187.240.132.20', '2016-04-19 21:07:35', ''),
(370, '187.191.28.146', '2016-04-19 21:53:14', 'CAR'),
(371, '177.243.125.122', '2016-04-20 03:36:07', ''),
(372, '177.243.125.122', '2016-04-20 03:36:14', ''),
(373, '177.243.125.122', '2016-04-20 03:41:14', 'CAR'),
(374, '177.243.125.122', '2016-04-20 03:41:18', 'CAR'),
(375, '177.243.125.122', '2016-04-20 03:41:22', 'BOD'),
(376, '177.243.125.122', '2016-04-20 03:41:31', 'BOD'),
(377, '177.243.125.122', '2016-04-20 03:42:49', 'BOD'),
(378, '177.243.125.122', '2016-04-20 03:42:52', 'BOD'),
(379, '177.243.125.122', '2016-04-20 03:44:40', 'BOD'),
(380, '177.243.125.122', '2016-04-20 03:44:52', 'BOD'),
(381, '177.243.125.122', '2016-04-20 03:45:20', 'BOD'),
(382, '177.243.125.122', '2016-04-20 03:45:22', 'BOD'),
(383, '177.243.125.122', '2016-04-20 03:45:39', 'BOD'),
(384, '177.243.125.122', '2016-04-20 03:58:32', ''),
(385, '52.39.15.90', '2016-04-20 04:44:41', ''),
(386, '187.240.239.251', '2016-04-20 15:31:54', ''),
(387, '187.191.28.146', '2016-04-20 16:27:49', ''),
(388, '187.191.28.146', '2016-04-20 16:29:32', 'CAR'),
(389, '187.191.28.146', '2016-04-20 16:29:38', 'BOD'),
(390, '187.191.28.146', '2016-04-20 16:29:42', 'BOD'),
(391, '187.240.239.251', '2016-04-20 17:12:49', ''),
(392, '187.240.239.251', '2016-04-20 17:20:25', 'CAR'),
(393, '187.240.239.251', '2016-04-20 17:20:28', 'CAR'),
(394, '187.134.63.54', '2016-04-20 18:39:25', ''),
(395, '187.191.28.146', '2016-04-20 21:01:51', ''),
(396, '187.191.28.146', '2016-04-20 21:06:29', 'CAR'),
(397, '187.191.28.146', '2016-04-20 21:09:28', 'CAR'),
(398, '187.191.28.146', '2016-04-20 21:11:37', 'CAR'),
(399, '187.191.28.146', '2016-04-20 21:13:16', 'CAR'),
(400, '187.191.28.146', '2016-04-20 21:13:48', 'CAR'),
(401, '187.191.28.146', '2016-04-20 21:16:40', 'CAR'),
(402, '187.191.28.146', '2016-04-20 21:16:56', 'CAR'),
(403, '187.191.28.146', '2016-04-20 21:18:21', 'CAR'),
(404, '187.191.28.146', '2016-04-20 21:19:14', 'CAR'),
(405, '187.240.132.20', '2016-04-20 21:21:19', ''),
(406, '187.240.132.20', '2016-04-20 21:21:23', 'CAR'),
(407, '187.240.132.20', '2016-04-20 21:22:50', 'CAR'),
(408, '187.240.132.20', '2016-04-20 21:22:53', 'CAR'),
(409, '187.240.132.20', '2016-04-20 21:23:04', 'CAR'),
(410, '187.191.28.146', '2016-04-20 21:24:36', 'CAR'),
(411, '187.191.28.146', '2016-04-20 21:25:53', 'CAR'),
(412, '187.191.28.146', '2016-04-20 21:26:08', 'CAR'),
(413, '187.191.28.146', '2016-04-20 21:34:44', 'CAR'),
(414, '187.191.28.146', '2016-04-20 21:35:00', 'CAR'),
(415, '187.191.28.146', '2016-04-20 21:35:18', 'CAR'),
(416, '187.191.28.146', '2016-04-20 21:50:32', 'CAR'),
(417, '187.191.28.146', '2016-04-20 21:51:56', 'CAR'),
(418, '187.191.28.146', '2016-04-20 21:55:55', 'CAR'),
(419, '187.191.28.146', '2016-04-20 21:57:37', 'CAR'),
(420, '187.191.28.146', '2016-04-20 21:59:59', 'CAR'),
(421, '201.156.214.195', '2016-04-21 01:09:13', ''),
(422, '201.156.214.195', '2016-04-21 01:24:04', 'CAR'),
(423, '187.240.239.251', '2016-04-21 01:26:37', ''),
(424, '187.240.239.251', '2016-04-21 01:26:41', 'CAR'),
(425, '201.156.214.195', '2016-04-21 01:26:41', ''),
(426, '201.156.214.195', '2016-04-21 01:30:33', 'CAR'),
(427, '201.156.214.195', '2016-04-21 01:37:55', 'BOD'),
(428, '201.156.214.195', '2016-04-21 01:38:04', 'BOD'),
(429, '201.156.214.195', '2016-04-21 01:38:11', 'BOD'),
(430, '201.156.214.195', '2016-04-21 01:44:44', ''),
(431, '187.240.132.20', '2016-04-21 01:45:28', ''),
(432, '187.240.132.20', '2016-04-21 01:46:00', 'CAR'),
(433, '201.156.214.195', '2016-04-21 01:55:01', ''),
(434, '187.240.132.20', '2016-04-21 02:09:48', 'CAR'),
(435, '201.156.214.195', '2016-04-21 02:19:08', ''),
(436, '201.156.214.195', '2016-04-21 02:28:54', ''),
(437, '201.156.214.195', '2016-04-21 02:29:13', ''),
(438, '201.156.214.195', '2016-04-21 02:34:53', ''),
(439, '201.156.214.195', '2016-04-21 02:37:40', ''),
(440, '201.156.214.195', '2016-04-21 02:37:59', ''),
(441, '187.240.132.20', '2016-04-21 02:39:16', 'CAR'),
(442, '201.156.214.195', '2016-04-21 02:43:24', ''),
(443, '159.122.253.173', '2016-04-21 02:59:31', ''),
(444, '187.240.132.20', '2016-04-21 03:10:23', 'CAR'),
(445, '187.240.132.20,', '2016-04-21 03:12:07', ''),
(446, '187.240.132.20', '2016-04-21 03:14:17', 'CAR'),
(447, '187.240.132.20', '2016-04-21 03:14:37', 'CAR'),
(448, '187.240.132.20', '2016-04-21 03:14:58', 'CAR'),
(449, '187.240.132.20', '2016-04-21 03:15:22', 'BOD'),
(450, '187.240.132.20', '2016-04-21 03:16:09', 'BOD'),
(451, '187.240.132.20', '2016-04-21 03:17:32', 'BOD'),
(452, '187.240.132.20', '2016-04-21 03:18:16', 'BOD'),
(453, '187.240.132.20', '2016-04-21 03:18:42', 'BOD'),
(454, '187.240.132.20', '2016-04-21 03:20:18', 'BOD'),
(455, '187.240.132.20', '2016-04-21 03:20:23', 'BOD'),
(456, '187.240.132.20', '2016-04-21 03:21:05', 'BOD'),
(457, '187.240.132.20', '2016-04-21 03:21:13', ''),
(458, '187.240.132.20', '2016-04-21 03:26:35', 'BOD'),
(459, '187.240.132.20', '2016-04-21 03:26:53', 'BOD'),
(460, '187.240.132.20', '2016-04-21 03:27:04', 'XVA'),
(461, '187.240.132.20', '2016-04-21 03:27:12', 'XVA'),
(462, '187.240.132.20', '2016-04-21 03:36:37', 'XVA'),
(463, '187.240.132.20', '2016-04-21 03:36:40', 'XVA'),
(464, '187.240.132.20', '2016-04-21 04:04:46', 'XVA'),
(465, '187.240.132.20', '2016-04-21 04:05:02', 'BOD'),
(466, '187.240.132.20', '2016-04-21 04:05:06', 'XVA'),
(467, '187.240.132.20', '2016-04-21 04:05:13', 'PRE'),
(468, '187.240.132.20', '2016-04-21 04:05:22', 'XVA'),
(469, '187.240.132.20', '2016-04-21 04:05:32', 'BOD'),
(470, '187.240.132.20', '2016-04-21 04:05:56', 'XVA'),
(471, '187.240.132.20', '2016-04-21 04:05:59', 'PRE'),
(472, '187.240.132.20', '2016-04-21 04:06:00', 'COM'),
(473, '187.240.132.20', '2016-04-21 04:06:04', 'BAU'),
(474, '187.240.132.20', '2016-04-21 04:06:08', 'CAB'),
(475, '187.240.132.20', '2016-04-21 04:06:11', 'BAU'),
(476, '187.240.132.20', '2016-04-21 04:06:14', 'COM'),
(477, '187.240.132.20', '2016-04-21 04:06:15', 'PRE'),
(478, '187.240.132.20', '2016-04-21 04:06:17', 'XVA'),
(479, '187.240.132.20', '2016-04-21 04:06:19', 'BOD'),
(480, '187.240.132.20', '2016-04-21 04:08:10', 'BOD'),
(481, '187.240.132.20', '2016-04-21 04:08:12', 'BOD'),
(482, '187.240.132.20', '2016-04-21 04:08:14', 'XVA'),
(483, '187.240.132.20', '2016-04-21 04:08:15', 'BOD'),
(484, '187.240.132.20', '2016-04-21 04:09:50', ''),
(485, '187.240.132.20', '2016-04-21 04:09:56', 'BOD'),
(486, '187.240.132.20', '2016-04-21 04:10:10', 'XVA'),
(487, '187.240.132.20', '2016-04-21 04:11:41', ''),
(488, '187.240.132.20', '2016-04-21 04:11:46', 'BOD'),
(489, '187.240.132.20', '2016-04-21 04:11:53', 'XVA'),
(490, '187.240.132.20', '2016-04-21 04:12:03', 'PRE'),
(491, '187.240.132.20', '2016-04-21 04:14:32', 'PRE'),
(492, '187.240.132.20', '2016-04-21 04:14:41', ''),
(493, '187.240.132.20', '2016-04-21 04:14:45', 'BOD'),
(494, '187.240.132.20', '2016-04-21 04:14:48', 'XVA'),
(495, '187.240.132.20', '2016-04-21 04:14:52', 'PRE'),
(496, '187.240.132.20', '2016-04-21 04:14:55', 'COM'),
(497, '187.240.132.20', '2016-04-21 04:14:57', 'BAU'),
(498, '187.240.132.20', '2016-04-21 04:15:03', 'CAB'),
(499, '187.240.132.20', '2016-04-21 04:15:07', 'XVA'),
(500, '187.240.132.20', '2016-04-21 04:15:11', 'PRE'),
(501, '177.243.125.122', '2016-04-21 04:16:40', ''),
(502, '69.58.178.58', '2016-04-21 04:17:11', ''),
(503, '69.58.178.58', '2016-04-21 04:17:50', ''),
(504, '69.58.178.58', '2016-04-21 04:18:02', ''),
(505, '69.58.178.58', '2016-04-21 04:18:07', ''),
(506, '69.58.178.58', '2016-04-21 04:18:10', ''),
(507, '69.58.178.58', '2016-04-21 04:18:13', ''),
(508, '69.58.178.58', '2016-04-21 04:18:15', ''),
(509, '69.58.178.58', '2016-04-21 04:18:17', ''),
(510, '69.58.178.58', '2016-04-21 04:18:18', ''),
(511, '187.240.132.20', '2016-04-21 04:55:35', 'BOD'),
(512, '187.240.132.20', '2016-04-21 05:13:43', 'BOD'),
(513, '187.240.132.20', '2016-04-21 05:16:24', 'BOD'),
(514, '187.240.132.20', '2016-04-21 05:18:59', 'BOD'),
(515, '187.240.132.20', '2016-04-21 05:24:33', 'BOD'),
(516, '187.240.132.20', '2016-04-21 05:25:47', 'BOD'),
(517, '187.240.132.20', '2016-04-21 05:28:11', 'BOD'),
(518, '187.240.132.20', '2016-04-21 05:28:20', 'BOD'),
(519, '187.240.239.251', '2016-04-21 06:28:36', ''),
(520, '187.191.28.146', '2016-04-21 17:51:32', ''),
(521, '187.191.28.146', '2016-04-21 17:51:42', 'BOD'),
(522, '187.191.28.146', '2016-04-21 17:51:43', 'BOD'),
(523, '187.191.28.146', '2016-04-21 19:16:43', ''),
(524, '187.191.28.146', '2016-04-21 19:18:16', 'CAR'),
(525, '187.240.132.20', '2016-04-22 03:36:08', ''),
(526, '187.240.132.20', '2016-04-22 03:36:14', 'CAR'),
(527, '187.240.132.20', '2016-04-22 03:36:24', 'BOD'),
(528, '187.240.132.20', '2016-04-22 03:36:37', 'BOD'),
(529, '187.240.132.20', '2016-04-22 03:37:43', 'BOD'),
(530, '201.156.214.195', '2016-04-22 03:38:49', ''),
(531, '187.240.132.20', '2016-04-22 03:40:38', 'BOD'),
(532, '187.240.132.20', '2016-04-22 03:41:15', 'BOD'),
(533, '187.240.132.20', '2016-04-22 03:45:46', ''),
(534, '187.240.132.20', '2016-04-22 03:45:46', ''),
(535, '201.156.214.195', '2016-04-22 04:16:48', 'CAR'),
(536, '201.156.214.195', '2016-04-22 04:17:44', 'BOD'),
(537, '201.156.214.195', '2016-04-22 04:18:33', 'BOD'),
(538, '187.240.132.20', '2016-04-22 05:59:59', ''),
(539, '187.240.132.20', '2016-04-22 06:00:03', 'BOD'),
(540, '187.240.132.20', '2016-04-22 06:03:17', 'BOD'),
(541, '187.240.132.20', '2016-04-22 06:05:42', 'BOD'),
(542, '187.240.132.20', '2016-04-22 06:09:24', 'BOD'),
(543, '187.240.132.20', '2016-04-22 06:09:58', 'BOD'),
(544, '187.240.132.20', '2016-04-22 06:10:06', ''),
(545, '187.240.132.20', '2016-04-22 06:10:17', ''),
(546, '187.240.132.20', '2016-04-22 06:10:30', 'BOD'),
(547, '187.240.132.20', '2016-04-22 06:10:33', 'BOD'),
(548, '187.240.132.20', '2016-04-22 06:10:36', 'BOD'),
(549, '187.240.132.20', '2016-04-22 06:10:38', 'BOD'),
(550, '::1', '2016-04-22 06:26:31', ''),
(551, '201.156.214.195', '2016-04-22 06:40:33', ''),
(552, '201.156.214.195', '2016-04-22 06:40:43', ''),
(553, '201.156.214.195', '2016-04-22 06:51:20', ''),
(554, '187.240.132.20', '2016-04-22 12:33:49', ''),
(555, '187.240.132.20', '2016-04-22 12:34:06', 'BOD'),
(556, '187.240.132.20', '2016-04-22 12:38:31', 'BOD'),
(557, '194.28.112.50', '2016-04-22 13:24:19', ''),
(558, '187.240.132.20', '2016-04-22 20:12:18', ''),
(559, '::1', '2016-04-22 21:17:55', ''),
(560, '187.240.132.20', '2016-04-22 21:23:47', 'CAR'),
(561, '187.240.132.20', '2016-04-23 00:04:07', 'CAR'),
(562, '187.240.132.20', '2016-04-23 01:16:49', 'CAR'),
(563, '187.240.132.20', '2016-04-23 01:20:14', 'CAR'),
(564, '187.240.132.20', '2016-04-23 01:20:27', 'BOD'),
(565, '187.240.132.20', '2016-04-23 01:21:29', 'XVA'),
(566, '187.240.132.20', '2016-04-23 01:21:32', 'BOD'),
(567, '187.240.132.20', '2016-04-23 01:24:06', 'XVA'),
(568, '187.240.132.20', '2016-04-23 01:24:18', 'BOD'),
(569, '187.240.132.20', '2016-04-23 01:31:20', 'BOD'),
(570, '187.240.132.20', '2016-04-23 01:33:11', 'BOD'),
(571, '187.240.132.20', '2016-04-23 01:34:20', 'BOD'),
(572, '187.240.132.20', '2016-04-23 01:37:09', 'BOD'),
(573, '187.240.132.20', '2016-04-23 01:37:56', 'BOD'),
(574, '187.240.132.20', '2016-04-23 01:38:21', 'BOD'),
(575, '187.240.132.20', '2016-04-23 01:40:56', 'BOD'),
(576, '187.240.132.20', '2016-04-23 01:41:15', 'BOD'),
(577, '187.240.132.20', '2016-04-23 01:41:54', 'BOD'),
(578, '187.240.132.20', '2016-04-23 01:42:24', 'BOD'),
(579, '187.240.132.20', '2016-04-23 01:42:57', 'BOD'),
(580, '187.240.132.20', '2016-04-23 01:43:24', 'BOD'),
(581, '187.240.132.20', '2016-04-23 01:43:36', 'BOD'),
(582, '187.240.132.20', '2016-04-23 01:44:24', 'BOD'),
(583, '187.240.132.20', '2016-04-23 01:45:26', 'BOD'),
(584, '187.240.132.20', '2016-04-23 01:46:26', 'BOD'),
(585, '187.240.132.20', '2016-04-23 01:47:21', 'BOD'),
(586, '187.240.132.20', '2016-04-23 01:48:05', 'BOD'),
(587, '187.240.132.20', '2016-04-23 01:48:31', 'BOD'),
(588, '187.240.132.20', '2016-04-23 01:48:49', 'BOD'),
(589, '187.240.132.20', '2016-04-23 01:49:33', 'BOD'),
(590, '187.240.132.20', '2016-04-23 01:50:29', 'BOD'),
(591, '187.240.132.20', '2016-04-23 01:51:18', 'BOD'),
(592, '187.240.132.20', '2016-04-23 01:51:52', 'BOD'),
(593, '187.240.132.20', '2016-04-23 01:52:56', 'BOD'),
(594, '187.240.132.20', '2016-04-23 01:53:39', 'BOD'),
(595, '187.240.132.20', '2016-04-23 01:54:11', 'BOD'),
(596, '187.240.132.20', '2016-04-23 01:54:55', 'BOD'),
(597, '187.240.132.20', '2016-04-23 01:55:50', 'BOD'),
(598, '187.240.132.20', '2016-04-23 01:56:20', 'BOD'),
(599, '187.240.132.20', '2016-04-23 01:57:46', 'BOD'),
(600, '187.240.132.20', '2016-04-23 01:58:54', 'BOD'),
(601, '187.240.132.20', '2016-04-23 02:03:52', 'BOD'),
(602, '187.240.132.20', '2016-04-23 02:06:59', 'BOD'),
(603, '187.240.132.20', '2016-04-23 02:07:01', 'BOD'),
(604, '187.240.132.20', '2016-04-23 02:07:37', 'BOD'),
(605, '187.240.132.20', '2016-04-23 02:08:08', 'BOD'),
(606, '187.240.132.20', '2016-04-23 02:08:37', 'BOD'),
(607, '187.240.132.20', '2016-04-23 02:09:26', 'BOD'),
(608, '187.240.132.20', '2016-04-23 02:10:03', 'BOD'),
(609, '187.240.132.20', '2016-04-23 02:10:20', 'BOD'),
(610, '187.240.132.20', '2016-04-23 02:12:11', 'BOD'),
(611, '187.240.132.20', '2016-04-23 02:12:45', 'BOD'),
(612, '187.240.132.20', '2016-04-23 02:13:16', 'BOD'),
(613, '187.240.132.20', '2016-04-23 02:13:59', 'BOD'),
(614, '187.240.132.20', '2016-04-23 02:15:20', 'BOD'),
(615, '187.240.132.20', '2016-04-23 02:27:59', ''),
(616, '187.240.132.20', '2016-04-23 02:28:11', ''),
(617, '187.240.132.20', '2016-04-23 02:28:12', ''),
(618, '187.240.132.20', '2016-04-23 02:28:16', ''),
(619, '187.240.132.20', '2016-04-23 02:28:21', ''),
(620, '187.240.132.20', '2016-04-23 02:28:24', 'BOD'),
(621, '187.240.132.20', '2016-04-23 02:29:19', 'BOD'),
(622, '187.240.132.20', '2016-04-23 02:30:47', 'BOD'),
(623, '187.240.132.20', '2016-04-23 02:34:49', 'BOD'),
(624, '187.240.132.20', '2016-04-23 02:35:58', 'BOD'),
(625, '187.240.132.20', '2016-04-23 02:37:10', 'BOD'),
(626, '187.240.132.20', '2016-04-23 02:45:45', ''),
(627, '187.240.132.20', '2016-04-23 02:47:22', ''),
(628, '187.240.132.20', '2016-04-23 02:47:40', ''),
(629, '187.240.132.20', '2016-04-23 02:49:26', ''),
(630, '187.240.132.20', '2016-04-23 02:50:03', ''),
(631, '187.240.132.20', '2016-04-23 02:50:20', ''),
(632, '187.240.132.20', '2016-04-23 02:50:47', ''),
(633, '187.240.132.20', '2016-04-23 02:53:00', 'XVA'),
(634, '187.240.132.20', '2016-04-23 02:53:01', 'BOD'),
(635, '187.240.132.20', '2016-04-23 02:54:07', 'BOD'),
(636, '187.240.132.20', '2016-04-23 02:55:54', 'BOD'),
(637, '187.240.132.20', '2016-04-23 02:58:03', 'BOD'),
(638, '187.240.132.20', '2016-04-23 02:58:06', 'XVA'),
(639, '187.240.132.20', '2016-04-23 02:58:09', 'XVA'),
(640, '187.240.132.20', '2016-04-23 02:58:11', 'PRE'),
(641, '187.240.132.20', '2016-04-23 02:58:13', 'PRE'),
(642, '187.240.132.20', '2016-04-23 02:58:15', 'BOD'),
(643, '187.240.132.20', '2016-04-23 02:58:17', 'XVA'),
(644, '187.240.132.20', '2016-04-23 02:58:19', 'PRE'),
(645, '187.240.132.20', '2016-04-23 02:58:21', 'BOD'),
(646, '187.240.132.20', '2016-04-23 02:58:24', 'BAU'),
(647, '187.240.132.20', '2016-04-23 02:58:28', 'BOD'),
(648, '187.240.132.20', '2016-04-23 02:58:31', 'CAB'),
(649, '187.240.132.20', '2016-04-23 02:59:34', 'CAB'),
(650, '187.240.132.20', '2016-04-23 02:59:39', 'BOD'),
(651, '187.240.132.20', '2016-04-23 02:59:45', 'XVA'),
(652, '187.240.132.20', '2016-04-23 02:59:47', 'BOD'),
(653, '187.240.132.20', '2016-04-23 03:03:16', 'BOD'),
(654, '187.240.132.20', '2016-04-23 03:16:59', 'BOD'),
(655, '187.240.132.20', '2016-04-23 03:17:45', 'BOD'),
(656, '187.240.132.20', '2016-04-23 03:17:56', 'BOD'),
(657, '187.240.132.20', '2016-04-23 03:18:17', 'BOD'),
(658, '187.240.132.20', '2016-04-23 03:19:06', 'BOD'),
(659, '187.240.132.20', '2016-04-23 03:19:31', 'BOD'),
(660, '187.240.132.20', '2016-04-23 03:20:09', 'BOD'),
(661, '187.240.132.20', '2016-04-23 03:20:54', 'BOD'),
(662, '187.240.132.20', '2016-04-23 03:26:40', 'BOD'),
(663, '187.240.132.20', '2016-04-23 03:44:29', 'BOD'),
(664, '187.240.132.20', '2016-04-23 03:54:09', 'BOD'),
(665, '187.240.132.20', '2016-04-23 03:54:38', 'BOD'),
(666, '187.240.132.20', '2016-04-23 03:55:36', 'BOD'),
(667, '187.240.132.20', '2016-04-23 03:56:51', 'BOD'),
(668, '187.240.132.20', '2016-04-23 03:58:09', 'BOD'),
(669, '187.240.132.20', '2016-04-23 04:00:18', 'BOD'),
(670, '187.240.132.20', '2016-04-23 04:01:36', 'BOD'),
(671, '187.240.132.20', '2016-04-23 04:01:58', 'BOD'),
(672, '187.240.132.20', '2016-04-23 04:03:23', 'BOD'),
(673, '187.240.132.20', '2016-04-23 04:08:59', 'BOD'),
(674, '187.240.132.20', '2016-04-23 04:09:13', 'BOD'),
(675, '187.240.132.20', '2016-04-23 04:09:55', 'BOD'),
(676, '187.240.132.20', '2016-04-23 04:11:20', 'BOD'),
(677, '187.240.132.20', '2016-04-23 04:13:05', 'BOD'),
(678, '187.240.132.20', '2016-04-23 04:13:32', 'BOD'),
(679, '187.240.132.20', '2016-04-23 04:14:55', 'BOD'),
(680, '187.240.132.20', '2016-04-23 04:15:26', 'BOD'),
(681, '201.156.214.195', '2016-04-23 04:16:32', 'BOD'),
(682, '187.240.132.20', '2016-04-23 04:17:37', 'BOD'),
(683, '187.240.132.20', '2016-04-23 04:23:19', 'BOD'),
(684, '187.240.132.20', '2016-04-23 04:23:45', 'BOD'),
(685, '187.240.132.20', '2016-04-23 04:27:21', 'BOD'),
(686, '187.240.132.20', '2016-04-23 04:27:24', 'BOD'),
(687, '187.240.132.20', '2016-04-23 04:38:28', 'BOD'),
(688, '187.240.132.20', '2016-04-23 04:41:04', 'BOD'),
(689, '187.240.132.20', '2016-04-23 04:42:27', 'BOD'),
(690, '187.240.132.20', '2016-04-23 04:42:56', 'BOD'),
(691, '187.240.132.20', '2016-04-23 04:43:10', 'BOD'),
(692, '187.240.132.20', '2016-04-23 04:43:17', 'XVA'),
(693, '187.240.132.20', '2016-04-23 04:43:21', 'BOD'),
(694, '187.240.132.20', '2016-04-23 04:45:11', 'BOD'),
(695, '187.240.132.20', '2016-04-23 04:45:45', 'BOD'),
(696, '187.240.132.20', '2016-04-23 04:46:12', 'BOD'),
(697, '187.240.132.20', '2016-04-23 04:48:32', 'BOD'),
(698, '187.240.132.20', '2016-04-23 04:49:23', 'BOD'),
(699, '187.240.132.20', '2016-04-23 04:49:36', 'BOD'),
(700, '187.240.132.20', '2016-04-23 04:49:51', 'BOD'),
(701, '187.240.132.20', '2016-04-23 04:51:38', 'BOD'),
(702, '187.240.132.20', '2016-04-23 04:52:09', 'BOD'),
(703, '187.240.132.20', '2016-04-23 04:52:15', 'BOD'),
(704, '187.240.132.20', '2016-04-23 04:52:17', 'BOD'),
(705, '187.240.132.20', '2016-04-23 04:52:35', 'BOD'),
(706, '187.240.132.20', '2016-04-23 04:56:00', 'BOD'),
(707, '187.240.132.20', '2016-04-23 04:56:11', 'BOD'),
(708, '187.240.132.20', '2016-04-23 04:56:32', 'BOD'),
(709, '187.240.132.20', '2016-04-23 04:56:56', 'BOD'),
(710, '187.240.132.20', '2016-04-23 04:57:28', 'BOD'),
(711, '187.240.132.20', '2016-04-23 04:57:49', 'BOD'),
(712, '187.240.132.20', '2016-04-23 05:00:16', 'BOD'),
(713, '187.240.132.20', '2016-04-23 05:01:26', 'BOD'),
(714, '187.240.132.20', '2016-04-23 05:01:40', 'BOD'),
(715, '187.240.132.20', '2016-04-23 05:02:08', 'BOD'),
(716, '187.240.132.20', '2016-04-23 05:03:54', 'BOD'),
(717, '187.240.132.20', '2016-04-23 05:05:01', 'BOD'),
(718, '187.240.132.20', '2016-04-23 05:05:45', 'BOD'),
(719, '187.240.132.20', '2016-04-23 05:05:54', 'BOD'),
(720, '187.240.132.20', '2016-04-23 05:05:56', 'BOD'),
(721, '187.240.132.20', '2016-04-23 05:09:52', 'BOD'),
(722, '187.240.132.20', '2016-04-23 05:14:30', 'BOD'),
(723, '187.240.132.20', '2016-04-23 05:22:10', 'BOD'),
(724, '187.240.132.20', '2016-04-23 05:22:40', 'BOD'),
(725, '187.240.132.20', '2016-04-23 05:23:15', 'BOD'),
(726, '187.240.132.20', '2016-04-23 05:26:51', 'BOD'),
(727, '187.240.132.20', '2016-04-23 05:27:06', 'BOD'),
(728, '187.240.132.20', '2016-04-23 05:27:55', 'BOD'),
(729, '187.240.132.20', '2016-04-23 05:28:08', 'BOD'),
(730, '187.240.132.20', '2016-04-23 05:28:33', 'BOD'),
(731, '187.240.132.20', '2016-04-23 05:43:37', 'BOD'),
(732, '187.240.132.20', '2016-04-23 05:44:01', 'BOD'),
(733, '187.240.132.20', '2016-04-23 05:44:44', 'BOD'),
(734, '187.240.132.20', '2016-04-23 05:45:25', 'BOD'),
(735, '187.240.132.20', '2016-04-23 05:47:55', 'BOD'),
(736, '187.240.132.20', '2016-04-23 05:48:13', 'BOD'),
(737, '187.240.132.20', '2016-04-23 05:49:02', 'BOD'),
(738, '187.240.132.20', '2016-04-23 05:49:20', 'BOD'),
(739, '187.240.132.20', '2016-04-23 05:49:23', 'BOD'),
(740, '187.240.132.20', '2016-04-23 05:50:51', 'BOD'),
(741, '187.240.132.20', '2016-04-23 05:50:57', 'BOD'),
(742, '187.240.132.20', '2016-04-23 05:51:50', 'BOD'),
(743, '187.240.132.20', '2016-04-23 05:51:56', 'BOD'),
(744, '187.240.132.20', '2016-04-23 05:58:56', 'BOD'),
(745, '187.240.132.20', '2016-04-23 05:59:01', 'BOD'),
(746, '187.240.132.20', '2016-04-23 05:59:04', 'BOD'),
(747, '187.240.132.20', '2016-04-23 06:01:54', 'BOD'),
(748, '187.240.132.20', '2016-04-23 06:13:34', 'BOD'),
(749, '187.240.132.20', '2016-04-23 06:14:54', 'BOD'),
(750, '187.240.132.20', '2016-04-23 06:17:32', 'BOD'),
(751, '187.240.132.20', '2016-04-23 06:21:50', 'BOD'),
(752, '187.240.132.20', '2016-04-23 06:23:31', 'BOD'),
(753, '187.240.132.20', '2016-04-23 06:25:13', 'BOD'),
(754, '187.240.132.20', '2016-04-23 06:26:03', 'BOD'),
(755, '187.240.132.20', '2016-04-23 06:28:48', 'BOD'),
(756, '187.240.132.20', '2016-04-23 06:30:43', 'BOD'),
(757, '187.240.132.20', '2016-04-23 06:33:01', 'BOD'),
(758, '187.240.132.20', '2016-04-23 06:33:58', 'BOD'),
(759, '187.240.132.20', '2016-04-23 06:34:20', 'BOD'),
(760, '187.240.132.20', '2016-04-23 06:34:23', 'BOD'),
(761, '187.240.132.20', '2016-04-23 06:40:47', 'BOD'),
(762, '187.240.132.20', '2016-04-23 06:41:43', 'BOD'),
(763, '187.240.132.20', '2016-04-23 06:43:56', 'BOD'),
(764, '187.240.132.20', '2016-04-23 06:44:38', 'XVA'),
(765, '187.240.132.20', '2016-04-23 06:44:40', 'BOD'),
(766, '187.240.132.20', '2016-04-23 16:03:59', 'BOD'),
(767, '187.240.132.20', '2016-04-23 16:04:04', 'BOD'),
(768, '187.240.132.20', '2016-04-23 16:15:02', 'XVA'),
(769, '187.240.132.20', '2016-04-23 16:15:03', 'BOD'),
(770, '187.240.132.20', '2016-04-23 16:35:51', 'BOD'),
(771, '187.240.132.20', '2016-04-23 16:36:19', 'BOD'),
(772, '187.240.132.20', '2016-04-23 16:36:40', 'BOD'),
(773, '187.240.132.20', '2016-04-23 16:37:45', 'BOD'),
(774, '187.240.132.20', '2016-04-23 16:43:29', 'BOD'),
(775, '187.240.132.20', '2016-04-23 16:43:49', 'BOD'),
(776, '187.240.132.20', '2016-04-23 16:44:08', 'BOD'),
(777, '187.240.132.20', '2016-04-23 16:45:27', 'BOD'),
(778, '187.240.132.20', '2016-04-23 16:46:29', 'BOD'),
(779, '187.240.132.20', '2016-04-23 16:50:15', 'BOD'),
(780, '187.240.132.20', '2016-04-23 16:51:22', 'BOD'),
(781, '187.240.132.20', '2016-04-23 16:52:54', 'BOD'),
(782, '187.240.132.20', '2016-04-23 16:55:04', 'BOD'),
(783, '187.240.132.20', '2016-04-23 16:55:16', 'BOD'),
(784, '187.240.132.20', '2016-04-23 16:56:21', 'BOD'),
(785, '187.240.132.20', '2016-04-23 16:59:24', 'BOD'),
(786, '187.240.132.20', '2016-04-23 17:00:35', 'BOD'),
(787, '187.240.132.20', '2016-04-23 17:02:17', 'BOD'),
(788, '187.240.132.20', '2016-04-23 17:03:12', 'BOD'),
(789, '187.240.132.20', '2016-04-23 17:05:16', 'BOD'),
(790, '187.240.132.20', '2016-04-23 17:06:01', 'XVA'),
(791, '187.240.132.20', '2016-04-23 17:06:02', 'BOD'),
(792, '187.240.132.20', '2016-04-23 17:11:50', 'BOD'),
(793, '187.240.132.20', '2016-04-23 17:15:22', 'BOD'),
(794, '187.240.132.20', '2016-04-23 17:20:08', 'BOD'),
(795, '187.240.132.20', '2016-04-23 17:22:28', 'BOD'),
(796, '187.240.132.20', '2016-04-23 17:24:07', 'BOD'),
(797, '187.240.132.20', '2016-04-23 17:27:44', 'BOD'),
(798, '187.240.132.20', '2016-04-23 17:33:01', 'BOD'),
(799, '187.240.132.20', '2016-04-23 17:33:45', 'BOD'),
(800, '187.240.132.20', '2016-04-23 17:35:06', 'BOD'),
(801, '187.240.132.20', '2016-04-23 17:36:27', 'BOD'),
(802, '187.240.132.20', '2016-04-23 17:37:33', 'BOD'),
(803, '187.240.132.20', '2016-04-23 19:22:37', 'BOD'),
(804, '187.240.132.20', '2016-04-23 19:24:58', 'BOD'),
(805, '187.240.132.20', '2016-04-23 19:25:23', 'BOD'),
(806, '187.240.132.20', '2016-04-23 19:25:30', 'BOD'),
(807, '187.240.132.20', '2016-04-23 19:25:46', 'BOD'),
(808, '187.240.132.20', '2016-04-23 19:26:08', 'BOD'),
(809, '187.240.132.20', '2016-04-23 19:26:25', 'BOD'),
(810, '187.240.132.20', '2016-04-23 19:26:59', 'BOD'),
(811, '187.240.132.20', '2016-04-23 19:28:50', 'BOD'),
(812, '187.240.132.20', '2016-04-23 19:29:36', 'BOD'),
(813, '187.240.132.20', '2016-04-23 19:31:37', 'BOD'),
(814, '187.240.132.20', '2016-04-23 19:31:53', 'BOD'),
(815, '187.240.132.20', '2016-04-23 19:32:16', 'BOD'),
(816, '187.240.132.20', '2016-04-23 19:36:34', 'BOD'),
(817, '187.240.132.20', '2016-04-23 19:36:47', 'BOD'),
(818, '187.240.132.20', '2016-04-23 19:37:45', 'BOD'),
(819, '187.240.132.20', '2016-04-23 19:39:31', 'BOD'),
(820, '187.240.132.20', '2016-04-23 19:40:02', 'BOD'),
(821, '187.240.132.20', '2016-04-23 19:40:31', 'BOD'),
(822, '187.240.132.20', '2016-04-23 19:42:22', 'BOD'),
(823, '187.240.132.20', '2016-04-23 19:46:58', 'BOD'),
(824, '187.240.132.20', '2016-04-23 19:47:22', 'BOD'),
(825, '187.240.132.20', '2016-04-23 19:47:48', 'BOD'),
(826, '187.240.132.20', '2016-04-23 19:48:12', 'BOD'),
(827, '187.240.132.20', '2016-04-23 19:49:39', 'BOD'),
(828, '187.240.132.20', '2016-04-23 19:50:31', 'BOD'),
(829, '187.240.132.20', '2016-04-23 19:51:03', 'BOD'),
(830, '187.240.132.20', '2016-04-23 19:54:03', 'BOD'),
(831, '187.240.132.20', '2016-04-23 19:54:38', 'BOD'),
(832, '187.240.132.20', '2016-04-23 19:55:17', 'BOD'),
(833, '187.240.132.20', '2016-04-23 19:55:57', 'XVA'),
(834, '187.240.132.20', '2016-04-23 19:56:00', 'BOD'),
(835, '187.240.132.20', '2016-04-23 19:58:09', 'BOD'),
(836, '187.240.132.20', '2016-04-23 19:58:45', 'BOD'),
(837, '187.240.132.20', '2016-04-23 20:00:00', 'BOD'),
(838, '187.240.132.20', '2016-04-23 20:01:43', 'BOD'),
(839, '187.240.132.20', '2016-04-23 20:02:26', 'BOD'),
(840, '187.240.132.20', '2016-04-23 20:03:03', 'BOD'),
(841, '187.240.132.20', '2016-04-23 20:06:53', 'BOD'),
(842, '187.240.132.20', '2016-04-23 20:08:46', 'BOD'),
(843, '187.240.132.20', '2016-04-23 20:09:45', 'BOD'),
(844, '187.240.132.20', '2016-04-23 20:10:48', 'BOD'),
(845, '187.240.132.20', '2016-04-23 20:11:34', 'BOD'),
(846, '187.240.132.20', '2016-04-23 20:13:04', 'BOD'),
(847, '187.240.132.20', '2016-04-23 20:13:49', 'BOD'),
(848, '187.240.132.20', '2016-04-23 20:14:17', 'BOD'),
(849, '187.240.132.20', '2016-04-23 20:14:55', 'BOD'),
(850, '187.240.132.20', '2016-04-23 20:15:28', 'BOD'),
(851, '187.240.132.20', '2016-04-23 20:15:47', 'BOD'),
(852, '187.240.132.20', '2016-04-23 20:16:30', 'BOD'),
(853, '187.240.132.20', '2016-04-23 20:16:55', 'BOD'),
(854, '187.240.132.20', '2016-04-23 20:17:07', 'BOD'),
(855, '187.240.132.20', '2016-04-23 20:17:22', 'BOD'),
(856, '187.240.132.20', '2016-04-23 20:17:47', 'BOD'),
(857, '187.240.132.20', '2016-04-23 20:20:45', 'BOD'),
(858, '187.240.132.20', '2016-04-23 20:21:01', 'BOD'),
(859, '187.240.132.20', '2016-04-23 20:22:12', 'BOD'),
(860, '187.240.132.20', '2016-04-23 20:22:59', 'BOD'),
(861, '187.240.132.20', '2016-04-23 20:25:56', 'BOD'),
(862, '187.240.132.20', '2016-04-23 20:26:58', 'BOD'),
(863, '187.240.132.20', '2016-04-23 20:27:46', 'BOD'),
(864, '187.240.132.20', '2016-04-23 20:28:18', 'BOD'),
(865, '187.240.132.20', '2016-04-23 20:33:23', 'BOD'),
(866, '187.240.132.20', '2016-04-23 20:36:46', 'BOD'),
(867, '187.240.132.20', '2016-04-23 20:37:31', 'BOD'),
(868, '187.240.132.20', '2016-04-23 20:38:24', 'BOD'),
(869, '187.240.132.20', '2016-04-23 20:39:22', 'BOD'),
(870, '187.240.132.20', '2016-04-23 20:39:25', 'BOD'),
(871, '187.240.132.20', '2016-04-23 20:39:48', 'BOD'),
(872, '187.240.132.20', '2016-04-23 20:39:57', 'BOD'),
(873, '187.240.132.20', '2016-04-23 20:40:03', 'BOD'),
(874, '187.240.132.20', '2016-04-23 20:40:20', 'BOD'),
(875, '187.240.132.20', '2016-04-23 22:01:57', 'BOD'),
(876, '187.240.132.20', '2016-04-23 22:02:45', 'BOD'),
(877, '187.240.132.20', '2016-04-23 22:06:07', 'BOD'),
(878, '187.240.132.20', '2016-04-23 22:07:33', 'BOD'),
(879, '187.240.132.20', '2016-04-23 22:09:09', 'BOD'),
(880, '187.240.132.20', '2016-04-23 22:11:57', 'BOD'),
(881, '187.240.132.20', '2016-04-23 22:14:19', 'BOD'),
(882, '187.240.132.20', '2016-04-23 22:16:36', 'BOD'),
(883, '187.240.132.20', '2016-04-23 22:21:56', 'BOD'),
(884, '187.240.132.20', '2016-04-23 22:25:42', 'BOD'),
(885, '187.240.132.20', '2016-04-23 22:26:49', 'BOD'),
(886, '187.240.132.20', '2016-04-23 22:28:14', 'BOD'),
(887, '187.240.132.20', '2016-04-23 22:29:25', 'BOD'),
(888, '187.240.132.20', '2016-04-23 22:29:58', 'BOD'),
(889, '187.240.132.20', '2016-04-23 22:32:40', 'BOD'),
(890, '187.240.132.20', '2016-04-23 22:33:23', 'BOD'),
(891, '201.156.214.195', '2016-04-23 22:36:23', 'BOD'),
(892, '187.240.132.20', '2016-04-23 22:37:11', 'BOD'),
(893, '201.156.214.195', '2016-04-23 22:37:39', 'BOD'),
(894, '187.240.132.20', '2016-04-23 22:49:03', 'BOD'),
(895, '187.240.132.20', '2016-04-23 22:49:22', 'BOD'),
(896, '187.240.132.20', '2016-04-23 22:55:01', 'BOD'),
(897, '187.240.132.20', '2016-04-23 22:55:13', 'BOD'),
(898, '187.240.132.20', '2016-04-23 22:56:44', 'XVA'),
(899, '187.240.132.20', '2016-04-23 22:56:46', 'BOD'),
(900, '187.240.132.20', '2016-04-23 22:59:35', 'XVA'),
(901, '187.240.132.20', '2016-04-23 22:59:36', 'BOD'),
(902, '187.240.132.20', '2016-04-23 23:08:16', 'BOD'),
(903, '187.240.132.20', '2016-04-23 23:09:56', 'BOD'),
(904, '187.240.132.20', '2016-04-23 23:14:51', 'BOD'),
(905, '187.240.132.20', '2016-04-23 23:17:43', 'BOD'),
(906, '187.240.132.20', '2016-04-23 23:17:54', 'BOD'),
(907, '187.240.132.20', '2016-04-23 23:19:41', 'BOD'),
(908, '187.240.132.20', '2016-04-23 23:19:47', 'BOD'),
(909, '187.240.132.20', '2016-04-23 23:22:52', 'BOD'),
(910, '187.240.132.20', '2016-04-23 23:22:59', 'BOD'),
(911, '187.240.132.20', '2016-04-23 23:32:36', 'XVA'),
(912, '187.240.132.20', '2016-04-23 23:32:39', 'BOD'),
(913, '187.240.132.20', '2016-04-23 23:41:54', 'XVA'),
(914, '187.240.132.20', '2016-04-23 23:41:56', 'BOD'),
(915, '187.240.132.20', '2016-04-23 23:53:38', 'BOD'),
(916, '201.156.214.195', '2016-04-24 00:08:22', 'PRE'),
(917, '201.156.214.195', '2016-04-24 00:08:58', 'PRE'),
(918, '201.156.214.195', '2016-04-24 00:11:15', 'PRE'),
(919, '201.156.214.195', '2016-04-24 00:11:17', 'BOD'),
(920, '187.240.132.20', '2016-04-24 00:11:42', 'BOD'),
(921, '201.156.214.195', '2016-04-24 00:16:06', 'BOD'),
(922, '201.156.214.195', '2016-04-24 00:16:33', 'BOD'),
(923, '187.240.132.20', '2016-04-24 00:19:43', 'BOD'),
(924, '201.156.214.195', '2016-04-24 00:32:51', 'BOD'),
(925, '201.156.214.195', '2016-04-24 00:42:54', 'PRE'),
(926, '201.156.214.195', '2016-04-24 00:43:54', 'COM'),
(927, '201.156.214.195', '2016-04-24 00:44:00', 'PRE'),
(928, '201.156.214.195', '2016-04-24 00:46:41', 'PRE'),
(929, '201.156.214.195', '2016-04-24 00:47:21', 'PRE'),
(930, '201.156.214.195', '2016-04-24 00:48:19', 'PRE'),
(931, '187.240.239.251', '2016-04-24 00:48:44', 'CAR'),
(932, '187.240.239.251', '2016-04-24 00:49:04', 'BOD'),
(933, '187.240.239.251', '2016-04-24 00:49:34', 'BOD'),
(934, '187.240.239.251', '2016-04-24 00:49:48', 'XVA'),
(935, '187.240.239.251', '2016-04-24 00:50:00', 'BOD'),
(936, '187.240.239.251', '2016-04-24 00:50:33', 'BOD'),
(937, '187.240.132.20', '2016-04-24 00:51:18', 'BOD'),
(938, '187.240.132.20', '2016-04-24 00:51:23', 'BOD'),
(939, '187.240.132.20', '2016-04-24 00:51:59', 'BOD'),
(940, '187.240.132.20', '2016-04-24 00:52:02', 'BOD'),
(941, '187.240.132.20', '2016-04-24 00:52:12', 'BOD'),
(942, '187.240.132.20', '2016-04-24 00:52:13', 'XVA'),
(943, '187.240.239.251', '2016-04-24 00:53:36', 'BOD'),
(944, '187.240.239.251', '2016-04-24 00:53:37', 'BOD'),
(945, '187.240.239.251', '2016-04-24 00:54:21', 'BOD'),
(946, '187.240.239.251', '2016-04-24 00:54:32', 'BOD'),
(947, '187.240.132.20', '2016-04-24 00:55:31', 'XVA'),
(948, '187.240.132.20', '2016-04-24 00:55:35', 'PRE'),
(949, '187.240.132.20', '2016-04-24 00:55:36', 'COM'),
(950, '187.240.132.20', '2016-04-24 00:55:37', 'BAU'),
(951, '187.240.132.20', '2016-04-24 00:55:38', 'CAB'),
(952, '187.240.132.20', '2016-04-24 00:55:41', 'PRE'),
(953, '187.240.132.20', '2016-04-24 00:55:44', 'PRE'),
(954, '187.240.132.20', '2016-04-24 00:56:39', 'PRE'),
(955, '187.240.132.20', '2016-04-24 00:57:04', 'PRE'),
(956, '187.240.132.20', '2016-04-24 00:57:07', 'PRE'),
(957, '187.240.132.20', '2016-04-24 00:57:09', 'PRE'),
(958, '187.240.132.20', '2016-04-24 00:58:14', 'BOD'),
(959, '187.240.132.20', '2016-04-24 00:58:16', 'XVA'),
(960, '187.240.132.20', '2016-04-24 00:58:18', 'PRE'),
(961, '187.240.132.20', '2016-04-24 00:58:19', 'COM'),
(962, '187.240.132.20', '2016-04-24 00:58:22', 'BAU'),
(963, '187.240.132.20', '2016-04-24 00:58:26', 'BOD'),
(964, '187.240.132.20', '2016-04-24 00:58:36', 'XVA'),
(965, '187.240.132.20', '2016-04-24 00:58:51', 'BOD'),
(966, '177.243.125.122', '2016-04-24 01:04:38', 'BOD'),
(967, '187.240.239.251', '2016-04-24 01:07:46', 'BOD'),
(968, '187.240.239.251', '2016-04-24 01:07:48', 'XVA'),
(969, '187.240.239.251', '2016-04-24 01:08:43', 'BOD'),
(970, '187.240.239.251', '2016-04-24 01:09:26', 'BOD'),
(971, '187.240.239.251', '2016-04-24 01:15:20', 'BOD'),
(972, '187.240.239.251', '2016-04-24 01:15:22', 'XVA'),
(973, '187.240.239.251', '2016-04-24 01:15:37', 'XVA'),
(974, '187.240.132.20', '2016-04-24 01:24:16', 'XVA'),
(975, '187.240.132.20', '2016-04-24 01:25:14', 'PRE'),
(976, '187.240.132.20', '2016-04-24 01:25:16', 'COM'),
(977, '187.240.132.20', '2016-04-24 01:25:18', 'BAU'),
(978, '187.240.132.20', '2016-04-24 01:25:21', 'CAB');
INSERT INTO `visitas` (`id`, `dir_ip`, `fecha`, `idseccion`) VALUES
(979, '187.240.132.20', '2016-04-24 01:25:23', 'BOD'),
(980, '187.240.132.20', '2016-04-24 01:25:29', 'XVA'),
(981, '187.240.239.251', '2016-04-24 01:25:47', 'XVA'),
(982, '187.240.239.251', '2016-04-24 01:26:21', 'XVA'),
(983, '187.240.132.20', '2016-04-24 01:29:55', 'XVA'),
(984, '187.240.239.251', '2016-04-24 01:32:18', 'XVA'),
(985, '187.240.239.251', '2016-04-24 01:32:20', 'COM'),
(986, '187.240.239.251', '2016-04-24 01:32:26', 'XVA'),
(987, '187.240.239.251', '2016-04-24 01:32:31', 'XVA'),
(988, '187.240.132.20', '2016-04-24 01:33:46', 'XVA'),
(989, '187.240.132.20', '2016-04-24 01:34:14', 'XVA'),
(990, '187.240.132.20', '2016-04-24 01:35:42', 'XVA'),
(991, '187.240.132.20', '2016-04-24 01:36:01', 'BOD'),
(992, '187.240.239.251', '2016-04-24 01:37:30', 'XVA'),
(993, '187.240.239.251', '2016-04-24 01:37:33', 'XVA'),
(994, '187.240.239.251', '2016-04-24 01:38:00', 'XVA'),
(995, '187.240.132.20', '2016-04-24 01:38:24', 'BOD'),
(996, '187.240.132.20', '2016-04-24 01:39:45', 'BOD'),
(997, '187.240.132.20', '2016-04-24 01:40:29', 'BOD'),
(998, '187.240.132.20', '2016-04-24 01:41:42', 'BOD'),
(999, '187.240.132.20', '2016-04-24 01:42:12', 'BOD'),
(1000, '187.240.132.20', '2016-04-24 01:42:17', 'XVA'),
(1001, '201.156.214.195', '2016-04-24 01:59:47', 'BOD'),
(1002, '201.156.214.195', '2016-04-24 02:03:05', 'XVA'),
(1003, '187.240.239.251', '2016-04-24 02:03:26', 'XVA'),
(1004, '187.240.239.251', '2016-04-24 02:03:42', 'XVA'),
(1005, '187.240.239.251', '2016-04-24 02:03:58', 'XVA'),
(1006, '187.240.239.251', '2016-04-24 02:04:00', 'XVA'),
(1007, '201.156.214.195', '2016-04-24 02:04:00', 'PRE'),
(1008, '187.240.239.251', '2016-04-24 02:04:06', 'XVA'),
(1009, '187.240.132.20', '2016-04-24 02:13:05', 'BOD'),
(1010, '187.240.239.251', '2016-04-24 02:19:26', 'CAR'),
(1011, '187.240.239.251', '2016-04-24 02:19:28', 'BOD'),
(1012, '187.240.239.251', '2016-04-24 02:19:32', 'XVA'),
(1013, '187.240.132.20', '2016-04-24 02:19:49', 'XVA'),
(1014, '187.240.132.20', '2016-04-24 02:20:02', 'XVA'),
(1015, '187.240.239.251', '2016-04-24 02:20:24', 'XVA'),
(1016, '187.240.132.20', '2016-04-24 02:25:16', 'XVA'),
(1017, '187.240.239.251', '2016-04-24 02:25:39', 'BOD'),
(1018, '187.240.132.20', '2016-04-24 02:25:43', 'COM'),
(1019, '187.240.239.251', '2016-04-24 02:25:43', 'XVA'),
(1020, '187.240.132.20', '2016-04-24 02:25:45', 'PRE'),
(1021, '187.240.132.20', '2016-04-24 02:33:37', 'PRE'),
(1022, '187.240.239.251', '2016-04-24 02:35:01', 'XVA'),
(1023, '187.240.239.251', '2016-04-24 02:35:09', 'XVA'),
(1024, '187.240.239.251', '2016-04-24 02:35:12', 'BOD'),
(1025, '187.240.239.251', '2016-04-24 02:35:14', 'XVA'),
(1026, '187.240.239.251', '2016-04-24 02:35:15', 'PRE'),
(1027, '187.240.239.251', '2016-04-24 02:35:16', 'COM'),
(1028, '187.240.239.251', '2016-04-24 02:35:17', 'BAU'),
(1029, '187.240.239.251', '2016-04-24 02:35:19', 'CAB'),
(1030, '187.240.239.251', '2016-04-24 02:35:20', 'BOD'),
(1031, '187.240.132.20', '2016-04-24 02:42:47', 'PRE'),
(1032, '187.240.132.20', '2016-04-24 02:42:49', 'BOD'),
(1033, '187.240.132.20', '2016-04-24 02:42:58', 'XVA'),
(1034, '187.240.132.20', '2016-04-24 02:45:09', 'XVA'),
(1035, '187.240.132.20', '2016-04-24 02:45:14', 'XVA'),
(1036, '187.240.132.20', '2016-04-24 02:45:24', 'XVA'),
(1037, '187.240.132.20', '2016-04-24 02:45:35', 'XVA'),
(1038, '187.240.132.20', '2016-04-24 02:45:41', 'BOD'),
(1039, '187.240.239.251', '2016-04-24 02:45:50', 'XVA'),
(1040, '187.240.239.251', '2016-04-24 02:46:52', 'XVA'),
(1041, '187.240.132.20', '2016-04-24 02:47:09', 'XVA'),
(1042, '187.240.239.251', '2016-04-24 02:49:20', 'XVA'),
(1043, '187.240.239.251', '2016-04-24 02:55:33', 'XVA'),
(1044, '187.240.239.251', '2016-04-24 02:58:14', 'XVA'),
(1045, '187.240.239.251', '2016-04-24 02:58:17', 'XVA'),
(1046, '187.240.239.251', '2016-04-24 02:58:20', 'XVA'),
(1047, '187.240.132.20', '2016-04-24 02:58:23', 'XVA'),
(1048, '187.240.132.20', '2016-04-24 02:58:47', 'BOD'),
(1049, '187.240.132.20', '2016-04-24 02:59:02', 'XVA'),
(1050, '187.240.132.20', '2016-04-24 02:59:07', 'XVA'),
(1051, '187.240.132.20', '2016-04-24 02:59:15', 'PRE'),
(1052, '187.240.132.20', '2016-04-24 03:00:58', 'PRE'),
(1053, '187.240.132.20', '2016-04-24 03:01:00', 'BOD'),
(1054, '187.240.132.20', '2016-04-24 03:01:02', 'XVA'),
(1055, '187.240.132.20', '2016-04-24 03:01:04', 'PRE'),
(1056, '187.240.132.20', '2016-04-24 03:01:05', 'COM'),
(1057, '187.240.132.20', '2016-04-24 03:01:06', 'BAU'),
(1058, '187.240.132.20', '2016-04-24 03:01:08', 'CAB'),
(1059, '187.240.132.20', '2016-04-24 03:01:09', 'BOD'),
(1060, '187.240.239.251', '2016-04-24 03:03:18', 'XVA'),
(1061, '187.240.239.251', '2016-04-24 03:03:20', 'XVA'),
(1062, '187.240.132.20', '2016-04-24 03:04:51', 'BOD'),
(1063, '187.240.132.20', '2016-04-24 03:05:06', 'BOD'),
(1064, '187.240.132.20', '2016-04-24 03:05:12', 'PRE'),
(1065, '187.240.132.20', '2016-04-24 03:05:24', 'XVA'),
(1066, '187.240.132.20', '2016-04-24 03:09:54', 'XVA'),
(1067, '187.240.132.20', '2016-04-24 03:10:05', 'XVA'),
(1068, '187.240.239.251', '2016-04-24 03:13:02', 'XVA'),
(1069, '187.240.239.251', '2016-04-24 03:13:04', 'XVA'),
(1070, '187.240.239.251', '2016-04-24 03:32:34', 'XVA'),
(1071, '187.240.239.251', '2016-04-24 03:33:26', 'BOD'),
(1072, '187.240.132.20', '2016-04-24 03:34:28', 'XVA'),
(1073, '187.240.132.20', '2016-04-24 03:37:09', 'XVA'),
(1074, '187.240.132.20', '2016-04-24 03:37:13', 'BOD'),
(1075, '187.240.132.20', '2016-04-24 03:38:09', 'BOD'),
(1076, '187.240.132.20', '2016-04-24 03:38:12', 'BOD'),
(1077, '187.240.132.20', '2016-04-24 03:38:14', 'BOD'),
(1078, '187.240.239.251', '2016-04-24 03:44:06', 'BOD'),
(1079, '187.240.239.251', '2016-04-24 03:44:08', 'XVA'),
(1080, '187.240.132.20', '2016-04-24 03:47:38', 'XVA'),
(1081, '187.240.132.20', '2016-04-24 03:50:18', 'BOD'),
(1082, '177.243.113.56', '2016-04-24 05:27:11', 'CAR'),
(1083, '177.243.113.56', '2016-04-24 05:27:23', 'BOD'),
(1084, '177.243.113.56', '2016-04-24 05:28:42', 'BOD'),
(1085, '177.243.113.56', '2016-04-24 05:52:17', 'BOD'),
(1086, '177.243.113.56', '2016-04-24 05:52:26', 'XVA'),
(1087, '177.243.113.56', '2016-04-24 05:52:38', 'BOD'),
(1088, '177.243.113.56', '2016-04-24 05:52:47', 'XVA'),
(1089, '177.243.113.56', '2016-04-24 05:52:57', 'PRE'),
(1090, '177.243.113.56', '2016-04-24 05:53:07', 'COM'),
(1091, '177.243.113.56', '2016-04-24 05:53:26', 'BAU'),
(1092, '177.243.113.56', '2016-04-24 05:53:35', 'CAB'),
(1093, '177.243.113.56', '2016-04-24 05:54:08', 'CAB'),
(1094, '177.243.113.56', '2016-04-24 05:57:05', 'CAB'),
(1095, '177.243.113.56', '2016-04-24 05:57:10', 'COM'),
(1096, '177.243.113.56', '2016-04-24 05:57:29', 'COM'),
(1097, '177.243.113.56', '2016-04-24 06:43:54', 'COM'),
(1098, '177.243.113.56', '2016-04-24 06:44:28', 'COM'),
(1099, '187.240.132.20', '2016-04-24 14:15:53', 'BOD'),
(1100, '187.240.132.20', '2016-04-24 14:15:56', 'XVA'),
(1101, '187.240.132.20', '2016-04-24 14:16:01', 'PRE'),
(1102, '187.240.132.20', '2016-04-24 14:16:06', 'COM'),
(1103, '201.156.214.195', '2016-04-24 14:17:36', 'COM'),
(1104, '187.240.132.20', '2016-04-24 14:18:49', 'COM'),
(1105, '201.156.214.195', '2016-04-24 14:20:38', 'COM'),
(1106, '201.156.214.195', '2016-04-24 14:23:08', 'XVA'),
(1107, '201.156.214.195', '2016-04-24 14:27:21', 'BOD'),
(1108, '201.156.214.195', '2016-04-24 14:36:24', 'PRE'),
(1109, '201.156.214.195', '2016-04-24 14:38:00', 'BOD'),
(1110, '201.156.214.195', '2016-04-24 14:39:38', 'BOD'),
(1111, '201.156.214.195', '2016-04-24 14:57:12', 'XVA'),
(1112, '201.156.214.195', '2016-04-24 14:59:59', 'BOD'),
(1113, '201.156.214.195', '2016-04-24 15:13:43', 'BOD'),
(1114, '201.156.214.195', '2016-04-24 15:13:54', 'PRE'),
(1115, '201.156.214.195', '2016-04-24 15:38:45', 'BOD'),
(1116, '187.240.239.251', '2016-04-24 18:29:56', 'CAR'),
(1117, '187.240.239.251', '2016-04-24 18:30:00', 'BOD'),
(1118, '187.240.239.251', '2016-04-24 18:30:37', 'BOD'),
(1119, '187.240.239.251', '2016-04-24 18:30:41', 'XVA'),
(1120, '187.240.239.251', '2016-04-24 18:31:10', 'XVA'),
(1121, '187.240.239.251', '2016-04-24 18:31:14', 'PRE'),
(1122, '187.240.239.251', '2016-04-24 18:31:32', 'PRE'),
(1123, '177.243.113.56', '2016-04-24 20:01:08', 'BOD'),
(1124, '177.243.113.56', '2016-04-24 20:02:19', 'BOD'),
(1125, '177.243.113.56', '2016-04-24 20:02:28', 'COM'),
(1126, '177.243.113.56', '2016-04-24 20:15:15', 'BOD'),
(1127, '177.243.113.56', '2016-04-24 20:15:29', 'COM'),
(1128, '177.243.113.56', '2016-04-24 20:16:02', 'COM'),
(1129, '177.243.113.56', '2016-04-24 20:17:44', 'COM'),
(1130, '177.243.113.56', '2016-04-24 20:17:58', 'COM'),
(1131, '177.243.113.56', '2016-04-24 20:18:23', 'COM'),
(1132, '177.243.113.56', '2016-04-24 20:25:16', 'COM'),
(1133, '177.243.113.56', '2016-04-24 20:25:21', 'COM'),
(1134, '177.243.113.56', '2016-04-24 20:25:22', 'COM'),
(1135, '177.243.113.56', '2016-04-24 20:34:07', 'COM'),
(1136, '177.243.113.56', '2016-04-24 21:19:59', 'COM'),
(1137, '177.243.113.56', '2016-04-24 21:20:43', 'COM'),
(1138, '177.243.113.56', '2016-04-24 21:21:03', 'COM'),
(1139, '177.243.113.56', '2016-04-24 21:22:31', 'COM'),
(1140, '177.243.113.56', '2016-04-24 21:22:42', 'COM'),
(1141, '177.243.113.56', '2016-04-24 21:24:21', 'COM'),
(1142, '177.243.113.56', '2016-04-24 21:24:24', 'COM'),
(1143, '177.243.113.56', '2016-04-24 21:25:34', 'COM'),
(1144, '177.243.113.56', '2016-04-24 21:30:19', 'COM'),
(1145, '177.243.113.56', '2016-04-24 21:30:24', 'COM'),
(1146, '177.243.113.56', '2016-04-24 21:30:41', 'COM'),
(1147, '177.243.113.56', '2016-04-24 21:30:46', 'COM'),
(1148, '177.243.113.56', '2016-04-24 21:30:51', 'COM'),
(1149, '177.243.113.56', '2016-04-24 21:33:05', 'COM'),
(1150, '177.243.113.56', '2016-04-24 21:33:14', 'COM'),
(1151, '177.243.113.56', '2016-04-24 21:33:15', 'COM'),
(1152, '177.243.113.56', '2016-04-24 21:36:41', 'COM'),
(1153, '177.243.113.56', '2016-04-24 21:41:07', 'COM'),
(1154, '177.243.113.56', '2016-04-24 21:45:49', 'BOD'),
(1155, '177.243.113.56', '2016-04-24 21:46:00', 'COM'),
(1156, '177.243.113.56', '2016-04-24 21:46:55', 'COM'),
(1157, '177.243.113.56', '2016-04-24 22:01:03', 'COM'),
(1158, '177.243.113.56', '2016-04-24 22:03:13', 'COM'),
(1159, '177.243.113.56', '2016-04-24 22:09:38', 'COM'),
(1160, '177.243.113.56', '2016-04-24 22:10:27', 'COM'),
(1161, '177.243.113.56', '2016-04-24 22:11:02', 'BOD'),
(1162, '177.243.113.56', '2016-04-24 22:23:38', 'BOD'),
(1163, '177.243.113.56', '2016-04-24 22:23:52', 'PRE'),
(1164, '177.243.113.56', '2016-04-24 22:24:03', 'COM'),
(1165, '177.243.113.56', '2016-04-24 22:28:47', 'BOD'),
(1166, '177.243.113.56', '2016-04-24 22:34:03', 'COM'),
(1167, '177.243.113.56', '2016-04-24 22:39:45', 'COM'),
(1168, '177.243.113.56', '2016-04-24 22:40:00', 'COM'),
(1169, '177.243.113.56', '2016-04-24 22:41:06', 'COM'),
(1170, '177.243.113.56', '2016-04-24 22:51:17', 'COM'),
(1171, '177.243.113.56', '2016-04-24 22:51:31', 'COM'),
(1172, '187.240.132.20', '2016-04-24 22:55:40', 'BOD'),
(1173, '187.240.132.20', '2016-04-24 22:57:14', 'BOD'),
(1174, '187.240.132.20', '2016-04-24 22:57:21', 'XVA'),
(1175, '177.243.113.56', '2016-04-24 23:03:19', 'COM'),
(1176, '177.243.113.56', '2016-04-24 23:04:03', 'COM'),
(1177, '177.243.113.56', '2016-04-24 23:31:18', 'COM'),
(1178, '177.243.113.56', '2016-04-24 23:31:33', 'COM'),
(1179, '177.243.113.56', '2016-04-25 00:02:51', 'COM'),
(1180, '177.243.113.56', '2016-04-25 00:03:30', 'COM'),
(1181, '187.240.132.20', '2016-04-25 13:18:13', 'BOD'),
(1182, '187.240.132.20', '2016-04-25 13:18:20', 'XVA'),
(1183, '187.240.132.20', '2016-04-25 13:18:25', 'COM'),
(1184, '187.240.132.20', '2016-04-25 13:18:46', 'XVA'),
(1185, '187.240.132.20', '2016-04-25 16:12:31', 'BOD'),
(1186, '187.240.132.20', '2016-04-25 16:12:33', 'XVA'),
(1187, '187.240.132.20', '2016-04-25 21:17:26', 'XVA'),
(1188, '187.240.132.20', '2016-04-26 19:29:49', 'BOD'),
(1189, '187.240.132.20', '2016-04-26 19:30:42', 'BOD'),
(1190, '187.240.132.20', '2016-04-26 19:31:05', 'BOD'),
(1191, '187.240.132.20', '2016-04-26 19:58:09', 'BOD'),
(1192, '187.240.132.20', '2016-04-26 19:58:12', 'BOD'),
(1193, '187.240.132.20', '2016-04-26 19:59:52', 'BOD'),
(1194, '187.240.132.20', '2016-04-26 20:00:33', 'BOD'),
(1195, '187.240.132.20', '2016-04-26 20:02:33', 'BOD'),
(1196, '187.240.132.20', '2016-04-26 20:03:29', 'BOD'),
(1197, '187.240.132.20', '2016-04-26 20:04:12', 'BOD'),
(1198, '187.240.132.20', '2016-04-26 20:15:34', 'BOD'),
(1199, '187.240.132.20', '2016-04-26 20:15:38', 'XVA'),
(1200, '187.240.132.20', '2016-04-26 20:57:13', 'XVA'),
(1201, '187.240.132.20', '2016-04-26 20:58:22', 'XVA'),
(1202, '187.240.132.20', '2016-04-26 20:58:29', 'XVA'),
(1203, '187.240.132.20', '2016-04-26 21:07:01', 'XVA'),
(1204, '187.240.132.20', '2016-04-26 21:07:22', 'XVA'),
(1205, '187.210.230.31', '2016-04-26 22:12:39', 'CAR'),
(1206, '187.210.230.31', '2016-04-26 22:16:07', 'BOD'),
(1207, '187.210.230.31', '2016-04-26 22:37:05', 'XVA'),
(1208, '187.210.230.31', '2016-04-26 23:55:22', 'XVA'),
(1209, '187.240.132.20', '2016-04-27 00:53:06', 'XVA'),
(1210, '187.240.132.20', '2016-04-27 00:53:09', 'BOD'),
(1211, '187.240.132.20', '2016-04-27 00:58:53', 'BOD'),
(1212, '187.240.132.20', '2016-04-27 01:14:01', 'BOD'),
(1213, '187.240.132.20', '2016-04-27 01:16:48', 'BOD'),
(1214, '187.240.132.20', '2016-04-27 01:17:35', 'BOD'),
(1215, '187.240.132.20', '2016-04-27 01:20:08', 'BOD'),
(1216, '187.240.132.20', '2016-04-27 01:21:02', 'BOD'),
(1217, '187.240.132.20', '2016-04-27 01:21:55', 'CAB'),
(1218, '187.240.132.20', '2016-04-27 01:21:57', 'BAU'),
(1219, '187.240.132.20', '2016-04-27 01:21:58', 'BOD'),
(1220, '187.240.132.20', '2016-04-27 01:25:49', 'BOD'),
(1221, '187.240.132.20', '2016-04-27 01:29:53', 'BOD'),
(1222, '187.240.132.20', '2016-04-27 01:43:13', 'BOD'),
(1223, '187.240.132.20', '2016-04-27 01:43:39', 'BOD'),
(1224, '187.240.132.20', '2016-04-27 01:43:46', 'BOD'),
(1225, '187.240.132.20', '2016-04-27 01:43:52', 'BOD'),
(1226, '187.240.132.20', '2016-04-27 01:44:02', 'XVA'),
(1227, '187.240.132.20', '2016-04-27 01:44:05', 'BOD'),
(1228, '187.240.132.20', '2016-04-27 01:52:50', 'BOD'),
(1229, '187.240.132.20', '2016-04-27 01:52:53', 'BOD'),
(1230, '187.240.132.20', '2016-04-27 01:52:57', 'BOD'),
(1231, '187.240.132.20', '2016-04-27 01:54:02', 'BOD'),
(1232, '187.240.132.20', '2016-04-27 01:54:04', 'BOD'),
(1233, '187.240.132.20', '2016-04-27 01:54:09', 'BOD'),
(1234, '187.240.132.20', '2016-04-27 02:10:38', 'BOD'),
(1235, '187.240.132.20', '2016-04-27 02:10:51', 'BOD'),
(1236, '187.240.132.20', '2016-04-27 02:12:00', 'CAR'),
(1237, '187.240.132.20', '2016-04-27 02:39:29', 'CAR'),
(1238, '187.240.132.20', '2016-04-27 02:39:31', 'BOD'),
(1239, '177.243.113.56', '2016-04-27 03:40:45', 'CAR'),
(1240, '177.243.113.56', '2016-04-27 03:46:17', 'CAR'),
(1241, '177.243.113.56', '2016-04-27 03:46:21', 'COM'),
(1242, '177.243.113.56', '2016-04-27 03:50:06', 'COM'),
(1243, '177.243.113.56', '2016-04-27 04:03:59', 'COM'),
(1244, '177.243.113.56', '2016-04-27 04:04:06', 'COM'),
(1245, '177.243.113.56', '2016-04-27 04:07:00', 'COM'),
(1246, '177.243.113.56', '2016-04-27 04:09:58', 'COM'),
(1247, '177.243.113.56', '2016-04-27 05:17:08', 'COM'),
(1248, '177.243.113.56', '2016-04-27 06:16:53', 'COM'),
(1249, '187.240.132.20', '2016-04-27 13:24:30', 'BOD'),
(1250, '187.240.132.20', '2016-04-27 13:24:36', 'BOD'),
(1251, '187.216.136.16', '2016-04-27 14:02:13', 'XVA'),
(1252, '187.240.132.20', '2016-04-27 19:04:15', 'BOD'),
(1253, '187.216.136.31', '2016-04-28 18:16:48', 'BOD'),
(1254, '187.240.132.20', '2016-04-28 21:01:34', 'CAR'),
(1255, '187.240.187.40', '2016-04-28 22:54:05', 'CAR'),
(1256, '187.240.187.40', '2016-04-28 22:57:17', 'BOD'),
(1257, '187.240.187.40', '2016-04-28 22:57:40', 'XVA'),
(1258, '187.240.187.40', '2016-04-28 22:57:43', 'BOD'),
(1259, '187.240.187.40', '2016-04-28 22:57:49', 'BOD'),
(1260, '187.240.187.40', '2016-04-28 22:57:51', 'BOD'),
(1261, '187.240.187.40', '2016-04-28 22:57:52', 'BOD'),
(1262, '187.240.187.40', '2016-04-28 22:57:55', 'XVA'),
(1263, '187.240.187.40', '2016-04-28 22:57:56', 'BOD'),
(1264, '187.240.187.40', '2016-04-28 22:57:58', 'BOD'),
(1265, '187.240.187.40', '2016-04-28 22:57:59', 'PRE'),
(1266, '187.240.187.40', '2016-04-28 22:58:01', 'XVA'),
(1267, '187.240.187.40', '2016-04-28 22:58:03', 'BOD'),
(1268, '187.240.187.40', '2016-04-28 22:58:05', 'XVA'),
(1269, '187.240.187.40', '2016-04-28 22:58:06', 'BOD'),
(1270, '187.240.187.40', '2016-04-28 22:58:07', 'XVA'),
(1271, '187.240.187.40', '2016-04-28 22:58:08', 'BOD'),
(1272, '187.240.187.40', '2016-04-28 22:58:14', 'XVA'),
(1273, '187.240.187.40', '2016-04-28 22:58:16', 'PRE'),
(1274, '187.240.187.40', '2016-04-28 22:58:17', 'COM'),
(1275, '187.240.187.40', '2016-04-28 22:58:18', 'BAU'),
(1276, '187.240.187.40', '2016-04-28 22:58:20', 'CAB'),
(1277, '187.240.187.40', '2016-04-28 22:58:22', 'BAU'),
(1278, '187.240.187.40', '2016-04-28 22:58:23', 'COM'),
(1279, '187.240.187.40', '2016-04-28 22:58:24', 'PRE'),
(1280, '187.240.187.40', '2016-04-28 22:58:25', 'XVA'),
(1281, '187.240.187.40', '2016-04-28 22:58:26', 'BOD'),
(1282, '187.240.187.40', '2016-04-28 22:59:02', 'BOD'),
(1283, '187.240.187.40', '2016-04-28 23:02:45', 'BOD'),
(1284, '187.240.187.40', '2016-04-28 23:03:17', 'BOD'),
(1285, '187.240.187.40', '2016-04-28 23:03:18', 'XVA'),
(1286, '187.240.187.40', '2016-04-28 23:03:19', 'PRE'),
(1287, '187.240.187.40', '2016-04-28 23:03:20', 'COM'),
(1288, '187.240.187.40', '2016-04-28 23:03:21', 'BAU'),
(1289, '187.240.187.40', '2016-04-28 23:03:21', 'CAB'),
(1290, '187.240.187.40', '2016-04-28 23:07:45', 'CAB'),
(1291, '187.240.187.40', '2016-04-28 23:08:20', 'CAB'),
(1292, '187.240.187.40', '2016-04-28 23:08:23', 'CAB'),
(1293, '187.240.187.40', '2016-04-28 23:10:52', 'CAB'),
(1294, '187.240.132.20', '2016-04-29 01:48:16', 'CAR'),
(1295, '187.240.132.20', '2016-04-29 01:49:33', 'CAR'),
(1296, '187.240.132.20', '2016-04-29 01:51:22', 'CAR'),
(1297, '187.240.132.20', '2016-04-29 01:51:54', 'CAR'),
(1298, '187.240.132.20', '2016-04-29 01:52:58', 'CAR'),
(1299, '187.240.132.20', '2016-04-29 01:55:54', 'CAR'),
(1300, '187.240.132.20', '2016-04-29 01:55:57', 'BOD'),
(1301, '187.240.132.20', '2016-04-29 01:56:00', 'BOD'),
(1302, '187.240.132.20', '2016-04-29 01:57:28', 'BOD'),
(1303, '187.240.132.20', '2016-04-29 01:58:29', 'BOD'),
(1304, '187.240.132.20', '2016-04-29 02:00:48', 'BOD'),
(1305, '187.240.132.20', '2016-04-29 02:03:13', 'BOD'),
(1306, '187.240.132.20', '2016-04-29 02:04:11', 'BOD'),
(1307, '187.240.132.20', '2016-04-29 02:05:22', 'BOD'),
(1308, '187.240.132.20', '2016-04-29 02:06:12', 'BOD'),
(1309, '187.240.132.20', '2016-04-29 02:06:24', 'BOD'),
(1310, '187.240.132.20', '2016-04-29 02:06:57', 'BOD'),
(1311, '187.240.132.20', '2016-04-29 02:08:00', 'BOD'),
(1312, '187.240.132.20', '2016-04-29 02:08:20', 'BOD'),
(1313, '187.240.132.20', '2016-04-29 02:09:24', 'BOD'),
(1314, '187.240.132.20', '2016-04-29 02:13:06', 'BOD'),
(1315, '187.240.132.20', '2016-04-29 02:13:42', 'BOD'),
(1316, '187.240.132.20', '2016-04-29 02:18:29', 'BOD'),
(1317, '187.240.132.20', '2016-04-29 02:22:08', 'BOD'),
(1318, '187.240.132.20', '2016-04-29 02:22:25', 'BOD'),
(1319, '187.240.132.20', '2016-04-29 02:23:42', 'BOD'),
(1320, '187.240.132.20', '2016-04-29 02:24:37', 'BOD'),
(1321, '187.240.132.20', '2016-04-29 02:25:57', 'BOD'),
(1322, '187.240.132.20', '2016-04-29 02:27:51', 'BOD'),
(1323, '187.240.132.20', '2016-04-29 02:29:27', 'BOD'),
(1324, '187.240.132.20', '2016-04-29 02:29:41', 'BOD'),
(1325, '187.240.132.20', '2016-04-29 02:30:00', 'BOD'),
(1326, '187.240.132.20', '2016-04-29 02:30:07', 'BOD'),
(1327, '187.240.132.20', '2016-04-29 02:30:22', 'BOD'),
(1328, '187.240.132.20', '2016-04-29 02:34:18', 'BOD'),
(1329, '187.240.132.20', '2016-04-29 02:34:32', 'BOD'),
(1330, '187.240.132.20', '2016-04-29 02:37:23', 'BOD'),
(1331, '187.240.132.20', '2016-04-29 02:37:53', 'BOD'),
(1332, '187.240.132.20', '2016-04-29 02:42:12', 'BOD'),
(1333, '187.240.132.20', '2016-04-29 02:42:26', 'BOD'),
(1334, '187.240.132.20', '2016-04-29 02:43:55', 'BOD'),
(1335, '187.240.132.20', '2016-04-29 02:46:52', 'BOD'),
(1336, '187.240.132.20', '2016-04-29 02:47:02', 'BOD'),
(1337, '187.240.132.20', '2016-04-29 02:47:57', 'BOD'),
(1338, '187.240.132.20', '2016-04-29 02:48:39', 'BOD'),
(1339, '187.240.132.20', '2016-04-29 02:55:54', 'BOD'),
(1340, '187.240.132.20', '2016-04-29 02:56:22', 'BOD'),
(1341, '187.240.132.20', '2016-04-29 02:56:37', 'BOD'),
(1342, '187.240.132.20', '2016-04-29 02:57:21', 'BOD'),
(1343, '187.240.132.20', '2016-04-29 02:58:33', 'BOD'),
(1344, '187.240.132.20', '2016-04-29 02:58:44', 'BOD'),
(1345, '187.240.132.20', '2016-04-29 02:59:01', 'BOD'),
(1346, '187.240.132.20', '2016-04-29 02:59:36', 'BOD'),
(1347, '187.240.132.20', '2016-04-29 02:59:49', 'BOD'),
(1348, '187.240.132.20', '2016-04-29 02:59:59', 'BOD'),
(1349, '187.240.132.20', '2016-04-29 03:04:21', 'CAR'),
(1350, '187.240.132.20', '2016-04-29 03:08:19', 'BOD'),
(1351, '187.240.132.20', '2016-04-29 03:08:43', 'BOD'),
(1352, '187.240.132.20', '2016-04-29 03:08:56', 'BOD'),
(1353, '187.240.132.20', '2016-04-29 03:09:21', 'BOD'),
(1354, '187.240.132.20', '2016-04-29 03:09:36', 'BOD'),
(1355, '187.240.132.20', '2016-04-29 03:12:06', 'BOD'),
(1356, '187.240.132.20', '2016-04-29 03:16:34', 'BOD'),
(1357, '187.240.132.20', '2016-04-29 03:19:46', 'BOD'),
(1358, '187.240.132.20', '2016-04-29 03:20:06', 'BOD'),
(1359, '187.240.132.20', '2016-04-29 03:21:13', 'BOD'),
(1360, '187.240.132.20', '2016-04-29 03:24:56', 'BOD'),
(1361, '187.240.132.20', '2016-04-29 03:26:46', 'BOD'),
(1362, '187.240.132.20', '2016-04-29 03:27:42', 'BOD'),
(1363, '187.240.132.20', '2016-04-29 03:31:43', 'BOD'),
(1364, '187.240.132.20', '2016-04-29 03:34:43', 'BOD'),
(1365, '187.240.132.20', '2016-04-29 03:35:02', 'BOD'),
(1366, '187.240.132.20', '2016-04-29 03:38:00', 'BOD'),
(1367, '187.240.132.20', '2016-04-29 03:39:09', 'BOD'),
(1368, '187.240.132.20', '2016-04-29 03:40:45', 'BOD'),
(1369, '187.240.132.20', '2016-04-29 03:44:54', 'BOD'),
(1370, '187.240.132.20', '2016-04-29 03:45:18', 'BOD'),
(1371, '187.240.132.20', '2016-04-29 03:45:35', 'BOD'),
(1372, '187.240.132.20', '2016-04-29 03:46:44', 'BOD'),
(1373, '187.240.132.20', '2016-04-29 03:47:21', 'BOD'),
(1374, '187.240.132.20', '2016-04-29 03:47:40', 'BOD'),
(1375, '187.240.132.20', '2016-04-29 03:49:00', 'BOD'),
(1376, '187.240.132.20', '2016-04-29 03:49:09', 'BOD'),
(1377, '187.240.132.20', '2016-04-29 03:50:32', 'BOD'),
(1378, '187.240.132.20', '2016-04-29 03:51:18', 'BOD'),
(1379, '187.240.132.20', '2016-04-29 04:22:12', 'BOD'),
(1380, '187.240.132.20', '2016-04-29 04:22:18', 'BOD'),
(1381, '187.240.132.20', '2016-04-29 04:23:29', 'BOD'),
(1382, '187.240.132.20', '2016-04-29 04:26:09', 'BOD'),
(1383, '187.240.132.20', '2016-04-29 04:27:38', 'BOD'),
(1384, '187.240.132.20', '2016-04-29 04:28:42', 'BOD'),
(1385, '187.240.132.20', '2016-04-29 04:29:10', 'BOD'),
(1386, '187.240.132.20', '2016-04-29 04:30:55', 'BOD'),
(1387, '187.240.132.20', '2016-04-29 04:33:48', 'BOD'),
(1388, '187.240.132.20', '2016-04-29 04:34:29', 'BOD'),
(1389, '187.240.132.20', '2016-04-29 04:37:37', 'BOD'),
(1390, '187.240.132.20', '2016-04-29 04:40:44', 'BOD'),
(1391, '187.240.132.20', '2016-04-29 04:42:00', 'BOD'),
(1392, '187.240.132.20', '2016-04-29 04:44:22', 'BOD'),
(1393, '187.240.132.20', '2016-04-29 04:44:57', 'BOD'),
(1394, '187.240.132.20', '2016-04-29 04:46:02', 'BOD'),
(1395, '187.240.132.20', '2016-04-29 04:47:30', 'BOD'),
(1396, '187.240.132.20', '2016-04-29 04:48:59', 'CAR'),
(1397, '187.240.132.20', '2016-04-29 04:51:11', 'BOD'),
(1398, '187.240.132.20', '2016-04-29 04:51:40', 'CAR'),
(1399, '187.240.132.20', '2016-04-29 04:56:30', 'BOD'),
(1400, '187.240.132.20', '2016-04-29 04:56:48', 'BOD'),
(1401, '187.240.132.20', '2016-04-29 04:57:04', 'CAR'),
(1402, '187.240.132.20', '2016-04-29 04:57:40', 'BOD'),
(1403, '187.240.132.20', '2016-04-29 04:57:48', 'CAR'),
(1404, '187.240.132.20', '2016-04-29 04:58:22', 'BOD'),
(1405, '187.240.132.20', '2016-04-29 04:58:34', 'CAR'),
(1406, '187.240.132.20', '2016-04-29 04:59:06', 'BOD'),
(1407, '187.240.132.20', '2016-04-29 04:59:17', 'CAR'),
(1408, '187.240.132.20', '2016-04-29 04:59:55', 'BOD'),
(1409, '187.240.132.20', '2016-04-29 05:00:09', 'CAR'),
(1410, '187.240.132.20', '2016-04-29 05:01:21', 'BOD'),
(1411, '187.240.132.20', '2016-04-29 05:01:50', 'BOD'),
(1412, '187.240.132.20', '2016-04-29 05:02:44', 'BOD'),
(1413, '187.240.132.20', '2016-04-29 05:03:22', 'CAR'),
(1414, '187.240.132.20', '2016-04-29 05:04:17', 'BOD'),
(1415, '187.240.132.20', '2016-04-29 05:06:19', 'BOD'),
(1416, '187.240.132.20', '2016-04-29 05:07:41', 'BOD'),
(1417, '187.240.132.20', '2016-04-29 05:07:57', 'BOD'),
(1418, '187.240.132.20', '2016-04-29 05:08:34', 'BOD'),
(1419, '187.240.132.20', '2016-04-29 05:09:19', 'CAR'),
(1420, '187.240.132.20', '2016-04-29 05:11:51', 'CAR'),
(1421, '187.240.132.20', '2016-04-29 05:12:17', 'BOD'),
(1422, '187.240.132.20', '2016-04-29 05:12:27', 'BOD'),
(1423, '187.240.132.20', '2016-04-29 05:12:31', 'CAR'),
(1424, '187.240.132.20', '2016-04-29 05:14:31', 'BOD'),
(1425, '187.240.132.20', '2016-04-29 05:19:40', 'BOD'),
(1426, '187.240.132.20', '2016-04-29 05:19:58', 'BOD'),
(1427, '187.240.132.20', '2016-04-29 05:20:21', 'BOD'),
(1428, '187.240.132.20', '2016-04-29 05:20:43', 'BOD'),
(1429, '187.240.132.20', '2016-04-29 05:22:18', 'BOD'),
(1430, '187.240.132.20', '2016-04-29 05:22:30', 'BOD'),
(1431, '187.240.132.20', '2016-04-29 05:23:30', 'BOD'),
(1432, '187.240.132.20', '2016-04-29 05:24:04', 'BOD'),
(1433, '187.240.132.20', '2016-04-29 05:25:12', 'BOD'),
(1434, '187.240.132.20', '2016-04-29 05:26:09', 'BOD'),
(1435, '187.240.132.20', '2016-04-29 05:27:21', 'BOD'),
(1436, '187.240.132.20', '2016-04-29 05:30:06', 'BOD'),
(1437, '187.240.132.20', '2016-04-29 05:31:34', 'BOD'),
(1438, '187.240.132.20', '2016-04-29 05:32:20', 'BOD'),
(1439, '187.240.132.20', '2016-04-29 05:37:14', 'BOD'),
(1440, '187.240.132.20', '2016-04-29 05:38:50', 'BOD'),
(1441, '187.240.132.20', '2016-04-29 05:41:03', 'BOD'),
(1442, '187.240.132.20', '2016-04-29 05:41:41', 'BOD'),
(1443, '187.240.132.20', '2016-04-29 05:41:54', 'BOD'),
(1444, '187.240.132.20', '2016-04-29 05:42:06', 'BOD'),
(1445, '187.240.132.20', '2016-04-29 05:42:48', 'BOD'),
(1446, '187.240.132.20', '2016-04-29 05:43:25', 'CAR'),
(1447, '187.240.132.20', '2016-04-29 05:45:08', 'CAR'),
(1448, '187.240.132.20', '2016-04-29 05:46:14', 'CAR'),
(1449, '187.240.132.20', '2016-04-29 05:47:20', 'CAR'),
(1450, '187.240.132.20', '2016-04-29 05:48:34', 'BOD'),
(1451, '187.240.132.20', '2016-04-29 05:48:46', 'CAR'),
(1452, '187.240.132.20', '2016-04-29 05:56:29', 'BOD'),
(1453, '187.240.132.20', '2016-04-29 05:57:55', 'BOD'),
(1454, '187.240.132.20', '2016-04-29 05:58:28', 'BOD'),
(1455, '187.240.132.20', '2016-04-29 05:58:48', 'BOD'),
(1456, '187.240.132.20', '2016-04-29 06:00:14', 'BOD'),
(1457, '187.240.132.20', '2016-04-29 06:02:33', 'BOD'),
(1458, '187.240.132.20', '2016-04-29 06:03:04', 'CAR'),
(1459, '187.240.132.20', '2016-04-29 06:04:09', 'BOD'),
(1460, '187.240.132.20', '2016-04-29 06:05:21', 'BOD'),
(1461, '187.240.132.20', '2016-04-29 06:05:53', 'BOD'),
(1462, '187.240.132.20', '2016-04-29 06:07:43', 'BOD'),
(1463, '187.240.132.20', '2016-04-29 06:08:10', 'BOD'),
(1464, '187.240.132.20', '2016-04-29 06:08:29', 'BOD'),
(1465, '187.240.132.20', '2016-04-29 06:08:40', 'BOD'),
(1466, '187.240.132.20', '2016-04-29 06:09:02', 'CAR'),
(1467, '187.240.132.20', '2016-04-29 06:09:52', 'BOD'),
(1468, '187.240.132.20', '2016-04-29 06:11:38', 'BOD'),
(1469, '187.240.132.20', '2016-04-29 06:12:11', 'BOD'),
(1470, '187.240.132.20', '2016-04-29 06:12:22', 'BOD'),
(1471, '187.240.132.20', '2016-04-29 06:12:35', 'CAR'),
(1472, '187.240.132.20', '2016-04-29 06:13:36', 'CAR'),
(1473, '187.240.132.20', '2016-04-29 06:14:08', 'CAR'),
(1474, '187.240.132.20', '2016-04-29 06:14:59', 'CAR'),
(1475, '187.240.132.20', '2016-04-29 06:15:59', 'CAR'),
(1476, '187.240.132.20', '2016-04-29 06:16:37', 'CAR'),
(1477, '187.240.132.20', '2016-04-29 06:17:03', 'BOD'),
(1478, '187.240.132.20', '2016-04-29 06:17:18', 'BOD'),
(1479, '187.240.132.20', '2016-04-29 06:17:21', 'CAR'),
(1480, '187.240.132.20', '2016-04-29 06:17:46', 'BOD'),
(1481, '187.240.132.20', '2016-04-29 06:17:51', 'CAR'),
(1482, '187.240.132.20', '2016-04-29 06:21:07', 'BOD'),
(1483, '187.240.132.20', '2016-04-29 06:23:23', 'BOD'),
(1484, '187.240.132.20', '2016-04-29 06:24:04', 'BOD'),
(1485, '187.240.132.20', '2016-04-29 06:24:37', 'BOD'),
(1486, '187.240.132.20', '2016-04-29 06:26:48', 'BOD'),
(1487, '187.240.132.20', '2016-04-29 06:27:35', 'BOD'),
(1488, '187.240.132.20', '2016-04-29 06:28:08', 'BOD'),
(1489, '187.240.132.20', '2016-04-29 06:28:37', 'BOD'),
(1490, '187.240.132.20', '2016-04-29 06:29:05', 'BOD'),
(1491, '187.240.132.20', '2016-04-29 06:29:33', 'BOD'),
(1492, '187.240.132.20', '2016-04-29 06:30:08', 'BOD'),
(1493, '187.240.132.20', '2016-04-29 06:32:04', 'BOD'),
(1494, '187.240.132.20', '2016-04-29 06:32:22', 'BOD'),
(1495, '187.240.132.20', '2016-04-29 06:32:37', 'BOD'),
(1496, '187.240.132.20', '2016-04-29 06:32:49', 'BOD'),
(1497, '187.240.132.20', '2016-04-29 06:33:04', 'BOD'),
(1498, '187.240.132.20', '2016-04-29 06:33:18', 'BOD'),
(1499, '187.240.132.20', '2016-04-29 06:33:38', 'BOD'),
(1500, '187.240.132.20', '2016-04-29 06:34:39', 'BOD'),
(1501, '187.240.132.20', '2016-04-29 06:34:49', 'BOD'),
(1502, '187.240.132.20', '2016-04-29 06:35:05', 'BOD'),
(1503, '187.240.132.20', '2016-04-29 06:35:41', 'BOD'),
(1504, '187.240.132.20', '2016-04-29 06:36:08', 'BOD'),
(1505, '187.240.132.20', '2016-04-29 06:36:17', 'BOD'),
(1506, '187.240.132.20', '2016-04-29 06:36:39', 'BOD'),
(1507, '187.240.132.20', '2016-04-29 06:37:17', 'BOD'),
(1508, '187.240.132.20', '2016-04-29 06:37:32', 'CAR'),
(1509, '187.240.132.20', '2016-04-29 06:39:05', 'BOD'),
(1510, '187.240.132.20', '2016-04-29 06:39:27', 'BOD'),
(1511, '187.240.132.20', '2016-04-29 06:39:57', 'BOD'),
(1512, '187.240.132.20', '2016-04-29 06:40:15', 'BOD'),
(1513, '187.240.132.20', '2016-04-29 06:40:31', 'CAR'),
(1514, '187.240.132.20', '2016-04-29 06:40:38', 'CAR'),
(1515, '187.240.132.20', '2016-04-29 06:41:26', 'BOD'),
(1516, '187.240.132.20', '2016-04-29 06:41:40', 'BOD'),
(1517, '187.240.132.20', '2016-04-29 06:42:01', 'BOD'),
(1518, '187.240.132.20', '2016-04-29 06:43:47', 'BOD'),
(1519, '187.240.132.20', '2016-04-29 06:44:20', 'BOD'),
(1520, '187.240.132.20', '2016-04-29 06:45:09', 'BOD'),
(1521, '187.240.132.20', '2016-04-29 06:45:58', 'BOD'),
(1522, '187.240.132.20', '2016-04-29 06:46:23', 'BOD'),
(1523, '187.240.132.20', '2016-04-29 06:47:24', 'BOD'),
(1524, '187.240.132.20', '2016-04-29 06:49:11', 'BOD'),
(1525, '187.240.132.20', '2016-04-29 06:50:23', 'BOD'),
(1526, '187.240.132.20', '2016-04-29 06:50:48', 'BOD'),
(1527, '187.240.132.20', '2016-04-29 06:51:04', 'BOD'),
(1528, '187.240.132.20', '2016-04-29 06:51:31', 'BOD'),
(1529, '187.240.132.20', '2016-04-29 06:52:22', 'BOD'),
(1530, '187.240.132.20', '2016-04-29 06:52:50', 'BOD'),
(1531, '187.240.132.20', '2016-04-29 06:55:29', 'CAR'),
(1532, '187.240.132.20', '2016-04-29 12:48:24', 'CAR'),
(1533, '187.240.132.20', '2016-04-29 12:51:56', 'CAR'),
(1534, '187.240.132.20', '2016-04-29 12:52:18', 'CAR'),
(1535, '187.240.132.20', '2016-04-29 12:52:21', 'CAR'),
(1536, '187.240.132.20', '2016-04-29 13:05:48', 'CAR'),
(1537, '187.240.132.20', '2016-04-29 13:06:09', 'CAR'),
(1538, '187.240.132.20', '2016-04-29 13:06:52', 'CAR'),
(1539, '187.240.132.20', '2016-04-29 13:07:37', 'CAR'),
(1540, '187.240.132.20', '2016-04-29 13:08:08', 'CAR'),
(1541, '187.240.132.20', '2016-04-29 13:08:12', 'CAR'),
(1542, '187.240.132.20', '2016-04-29 13:10:23', 'CAR'),
(1543, '187.240.132.20', '2016-04-29 13:11:08', 'CAR'),
(1544, '187.240.132.20', '2016-04-29 13:11:11', 'CAR'),
(1545, '187.240.132.20', '2016-04-29 13:17:39', 'CAR'),
(1546, '187.240.132.20', '2016-04-29 13:17:46', 'CAR'),
(1547, '187.240.132.20', '2016-04-29 13:27:02', 'CAR'),
(1548, '187.240.132.20', '2016-04-29 13:30:11', 'CAR'),
(1549, '187.240.132.20', '2016-04-29 13:30:14', 'CAR'),
(1550, '187.240.132.20', '2016-04-29 13:30:44', 'CAR'),
(1551, '187.240.132.20', '2016-04-29 13:31:01', 'CAR'),
(1552, '187.240.132.20', '2016-04-29 13:32:16', 'CAR'),
(1553, '187.240.132.20', '2016-04-29 13:32:21', 'CAR'),
(1554, '187.240.132.20', '2016-04-29 13:33:03', 'CAR'),
(1555, '187.240.132.20', '2016-04-29 13:35:06', 'CAR'),
(1556, '187.240.132.20', '2016-04-29 13:35:09', 'CAR'),
(1557, '187.240.132.20', '2016-04-29 13:38:45', 'CAR'),
(1558, '187.240.132.20', '2016-04-29 13:39:49', 'CAR'),
(1559, '187.240.132.20', '2016-04-29 13:40:24', 'CAR'),
(1560, '187.240.132.20', '2016-04-29 13:40:26', 'CAR'),
(1561, '187.240.132.20', '2016-04-29 13:41:29', 'CAR'),
(1562, '187.240.132.20', '2016-04-29 13:43:30', 'CAR'),
(1563, '187.240.132.20', '2016-04-29 13:43:32', 'CAR'),
(1564, '187.240.132.20', '2016-04-29 13:44:11', 'CAR'),
(1565, '187.240.132.20', '2016-04-29 13:44:45', 'CAR'),
(1566, '187.240.132.20', '2016-04-29 13:44:48', 'CAR'),
(1567, '187.240.132.20', '2016-04-29 13:47:38', 'CAR'),
(1568, '187.240.132.20', '2016-04-29 13:49:58', 'CAR'),
(1569, '187.240.132.20', '2016-04-29 13:50:24', 'CAR'),
(1570, '187.240.132.20', '2016-04-29 13:50:26', 'CAR'),
(1571, '187.240.132.20', '2016-04-29 13:50:53', 'CAR'),
(1572, '187.240.132.20', '2016-04-29 13:51:38', 'CAR'),
(1573, '187.240.132.20', '2016-04-29 13:51:48', 'CAR'),
(1574, '187.240.132.20', '2016-04-29 13:52:58', 'CAR'),
(1575, '187.240.132.20', '2016-04-29 13:53:39', 'CAR'),
(1576, '187.240.132.20', '2016-04-29 13:54:46', 'CAR'),
(1577, '187.240.132.20', '2016-04-29 13:54:49', 'CAR'),
(1578, '187.240.132.20', '2016-04-29 13:55:21', 'CAR'),
(1579, '187.240.132.20', '2016-04-29 13:55:44', 'CAR'),
(1580, '187.240.132.20', '2016-04-29 13:56:45', 'CAR'),
(1581, '187.240.132.20', '2016-04-29 13:56:49', 'CAR'),
(1582, '187.240.132.20', '2016-04-29 13:57:10', 'CAR'),
(1583, '187.240.132.20', '2016-04-29 13:58:05', 'CAR'),
(1584, '187.240.132.20', '2016-04-29 13:58:08', 'CAR'),
(1585, '187.240.132.20', '2016-04-29 13:58:41', 'CAR'),
(1586, '187.240.132.20', '2016-04-29 13:59:09', 'CAR'),
(1587, '187.240.132.20', '2016-04-29 13:59:13', 'CAR'),
(1588, '187.240.132.20', '2016-04-29 14:01:18', 'CAR'),
(1589, '187.240.132.20', '2016-04-29 14:01:28', 'CAR'),
(1590, '187.240.132.20', '2016-04-29 14:02:05', 'CAR'),
(1591, '187.240.132.20', '2016-04-29 14:02:09', 'CAR'),
(1592, '187.240.132.20', '2016-04-29 14:02:38', 'CAR'),
(1593, '187.240.132.20', '2016-04-29 14:03:07', 'CAR'),
(1594, '187.240.132.20', '2016-04-29 14:03:26', 'CAR'),
(1595, '187.240.132.20', '2016-04-29 14:03:29', 'CAR'),
(1596, '187.240.132.20', '2016-04-29 14:04:58', 'CAR'),
(1597, '187.240.132.20', '2016-04-29 14:05:54', 'CAR'),
(1598, '187.240.132.20', '2016-04-29 14:06:48', 'CAR'),
(1599, '187.240.132.20', '2016-04-29 14:06:52', 'CAR'),
(1600, '187.240.132.20', '2016-04-29 14:08:17', 'CAR'),
(1601, '187.240.132.20', '2016-04-29 14:08:37', 'CAR'),
(1602, '187.240.132.20', '2016-04-29 14:09:16', 'CAR'),
(1603, '187.240.132.20', '2016-04-29 14:09:19', 'CAR'),
(1604, '187.240.132.20', '2016-04-29 14:09:30', 'CAR'),
(1605, '187.240.132.20', '2016-04-29 14:10:28', 'CAR'),
(1606, '187.240.132.20', '2016-04-29 14:11:23', 'CAR'),
(1607, '187.240.132.20', '2016-04-29 14:11:56', 'CAR'),
(1608, '187.240.132.20', '2016-04-29 14:11:58', 'CAR'),
(1609, '187.240.132.20', '2016-04-29 14:12:32', 'CAR'),
(1610, '187.191.28.146', '2016-04-29 14:13:50', 'CAR'),
(1611, '187.240.132.20', '2016-04-29 14:15:58', 'CAR'),
(1612, '187.240.132.20', '2016-04-29 14:16:01', 'CAR'),
(1613, '187.240.132.20', '2016-04-29 14:16:19', 'CAR'),
(1614, '187.240.132.20', '2016-04-29 14:16:22', 'CAR'),
(1615, '187.240.239.251', '2016-04-29 14:19:39', 'CAR'),
(1616, '187.240.132.20', '2016-04-29 14:20:08', 'CAR'),
(1617, '187.240.132.20', '2016-04-29 14:20:47', 'CAR'),
(1618, '187.191.28.146', '2016-04-29 14:20:53', 'BOD'),
(1619, '187.240.132.20', '2016-04-29 14:21:14', 'CAR'),
(1620, '187.240.132.20', '2016-04-29 14:21:45', 'CAR'),
(1621, '187.240.132.20', '2016-04-29 14:21:59', 'CAR'),
(1622, '187.240.132.20', '2016-04-29 14:22:02', 'CAR'),
(1623, '187.191.28.146', '2016-04-29 14:22:08', 'XVA'),
(1624, '187.240.132.20', '2016-04-29 14:22:37', 'CAR'),
(1625, '187.191.28.146', '2016-04-29 14:22:40', 'PRE'),
(1626, '187.191.28.146', '2016-04-29 14:22:56', 'COM'),
(1627, '187.191.28.146', '2016-04-29 14:23:14', 'BAU'),
(1628, '187.191.28.146', '2016-04-29 14:23:17', 'CAB'),
(1629, '187.191.28.146', '2016-04-29 14:23:36', 'CAB'),
(1630, '187.240.132.20', '2016-04-29 14:24:02', 'CAR'),
(1631, '187.191.28.146', '2016-04-29 14:26:57', 'CAB'),
(1632, '187.240.132.20', '2016-04-29 14:44:03', 'CAR'),
(1633, '187.240.132.20', '2016-04-29 14:44:06', 'BOD'),
(1634, '187.240.239.251', '2016-04-29 14:44:16', 'CAR'),
(1635, '187.240.132.20', '2016-04-29 14:48:55', 'BOD'),
(1636, '187.240.239.251', '2016-04-29 14:53:25', 'CAR'),
(1637, '187.240.132.20', '2016-04-29 14:54:20', 'BOD'),
(1638, '187.240.132.20', '2016-04-29 14:54:50', 'BOD'),
(1639, '187.240.132.20', '2016-04-29 14:55:23', 'BOD'),
(1640, '187.240.132.20', '2016-04-29 14:55:55', 'BOD'),
(1641, '187.240.132.20', '2016-04-29 14:56:58', 'BOD'),
(1642, '187.240.132.20', '2016-04-29 14:59:46', 'BOD'),
(1643, '187.240.132.20', '2016-04-29 15:00:22', 'BOD'),
(1644, '187.240.132.20', '2016-04-29 15:01:53', 'BOD'),
(1645, '187.240.132.20', '2016-04-29 15:02:53', 'BOD'),
(1646, '187.240.132.20', '2016-04-29 15:03:02', 'BOD'),
(1647, '187.240.132.20', '2016-04-29 15:03:33', 'BOD'),
(1648, '187.240.132.20', '2016-04-29 15:04:34', 'BOD'),
(1649, '187.240.132.20', '2016-04-29 15:05:00', 'BOD'),
(1650, '187.240.132.20', '2016-04-29 15:05:13', 'BOD'),
(1651, '187.240.132.20', '2016-04-29 15:05:24', 'BOD'),
(1652, '187.240.132.20', '2016-04-29 15:06:54', 'BOD'),
(1653, '187.240.132.20', '2016-04-29 15:08:41', 'BOD'),
(1654, '187.240.132.20', '2016-04-29 15:09:28', 'BOD'),
(1655, '187.240.132.20', '2016-04-29 15:11:35', 'BOD'),
(1656, '187.240.132.20', '2016-04-29 15:12:42', 'BOD'),
(1657, '187.240.132.20', '2016-04-29 15:13:10', 'BOD'),
(1658, '187.240.132.20', '2016-04-29 15:14:57', 'BOD'),
(1659, '187.240.132.20', '2016-04-29 15:15:53', 'BOD'),
(1660, '187.240.132.20', '2016-04-29 15:16:36', 'BOD'),
(1661, '187.240.132.20', '2016-04-29 15:16:54', 'BOD'),
(1662, '187.240.132.20', '2016-04-29 15:17:40', 'BOD'),
(1663, '187.240.132.20', '2016-04-29 15:19:52', 'BOD'),
(1664, '187.240.132.20', '2016-04-29 15:22:27', 'BOD'),
(1665, '187.240.132.20', '2016-04-29 15:22:57', 'BOD'),
(1666, '187.240.132.20', '2016-04-29 15:23:27', 'BOD'),
(1667, '187.240.132.20', '2016-04-29 15:23:55', 'BOD'),
(1668, '187.240.132.20', '2016-04-29 15:24:35', 'BOD'),
(1669, '187.240.187.40', '2016-04-29 15:24:55', 'BOD'),
(1670, '187.240.187.40', '2016-04-29 15:24:58', 'XVA'),
(1671, '187.240.187.40', '2016-04-29 15:24:59', 'PRE'),
(1672, '187.240.187.40', '2016-04-29 15:25:00', 'COM'),
(1673, '187.240.187.40', '2016-04-29 15:25:03', 'BOD'),
(1674, '187.240.132.20', '2016-04-29 15:25:03', 'BOD'),
(1675, '187.240.132.20', '2016-04-29 15:25:35', 'BOD'),
(1676, '187.240.132.20', '2016-04-29 15:26:19', 'BOD'),
(1677, '187.240.132.20', '2016-04-29 15:27:44', 'BOD'),
(1678, '187.240.187.40', '2016-04-29 15:27:55', 'BOD'),
(1679, '187.240.132.20', '2016-04-29 15:28:46', 'BOD'),
(1680, '187.240.132.20', '2016-04-29 15:30:09', 'BOD'),
(1681, '187.240.132.20', '2016-04-29 15:30:26', 'BOD'),
(1682, '187.240.132.20', '2016-04-29 15:32:02', 'BOD'),
(1683, '187.240.132.20', '2016-04-29 15:32:16', 'BOD'),
(1684, '187.240.187.40', '2016-04-29 15:35:19', 'BOD'),
(1685, '187.240.132.20', '2016-04-29 15:36:12', 'BOD'),
(1686, '187.240.132.20', '2016-04-29 15:36:14', 'BOD'),
(1687, '187.240.132.20', '2016-04-29 15:36:19', 'BOD'),
(1688, '187.240.132.20', '2016-04-29 15:36:22', 'BOD'),
(1689, '187.240.132.20', '2016-04-29 15:36:31', 'BOD'),
(1690, '187.240.132.20', '2016-04-29 15:36:33', 'XVA'),
(1691, '187.240.132.20', '2016-04-29 15:37:23', 'XVA'),
(1692, '187.240.132.20', '2016-04-29 15:37:25', 'XVA'),
(1693, '187.240.132.20', '2016-04-29 15:37:27', 'BAU'),
(1694, '187.240.132.20', '2016-04-29 15:37:29', 'COM'),
(1695, '187.240.132.20', '2016-04-29 15:37:31', 'PRE'),
(1696, '187.240.132.20', '2016-04-29 15:37:32', 'CAB'),
(1697, '187.240.132.20', '2016-04-29 15:37:34', 'BOD'),
(1698, '187.240.132.20', '2016-04-29 15:37:37', 'XVA'),
(1699, '187.240.132.20', '2016-04-29 15:37:39', 'BOD'),
(1700, '187.240.132.20', '2016-04-29 15:37:40', 'BOD'),
(1701, '187.240.132.20', '2016-04-29 15:37:46', 'XVA'),
(1702, '187.240.132.20', '2016-04-29 15:38:19', 'XVA'),
(1703, '187.240.132.20', '2016-04-29 15:38:21', 'XVA'),
(1704, '187.240.132.20', '2016-04-29 15:38:23', 'BOD'),
(1705, '187.240.187.40', '2016-04-29 15:40:55', 'BOD'),
(1706, '187.240.187.40', '2016-04-29 15:41:13', 'BOD'),
(1707, '187.240.132.20', '2016-04-29 15:44:20', 'BOD'),
(1708, '187.240.132.20', '2016-04-29 15:44:24', 'BOD'),
(1709, '187.240.132.20', '2016-04-29 15:44:29', 'BOD'),
(1710, '187.240.132.20', '2016-04-29 15:44:44', 'BOD'),
(1711, '187.240.132.20', '2016-04-29 15:44:48', 'BOD'),
(1712, '187.240.132.20', '2016-04-29 15:44:50', 'BOD'),
(1713, '187.240.132.20', '2016-04-29 15:49:26', 'BOD'),
(1714, '187.240.132.20', '2016-04-29 15:49:29', 'BOD'),
(1715, '187.240.132.20', '2016-04-29 15:49:32', 'XVA'),
(1716, '187.240.132.20', '2016-04-29 15:53:46', 'XVA'),
(1717, '187.240.132.20', '2016-04-29 15:53:47', 'XVA'),
(1718, '187.240.132.20', '2016-04-29 15:53:50', 'XVA'),
(1719, '187.240.132.20', '2016-04-29 15:53:55', 'BOD'),
(1720, '187.240.132.20', '2016-04-29 15:55:22', 'CAB'),
(1721, '187.240.132.20', '2016-04-29 15:55:24', 'PRE'),
(1722, '187.240.132.20', '2016-04-29 15:57:07', 'PRE'),
(1723, '187.240.132.20', '2016-04-29 15:59:15', 'PRE'),
(1724, '187.240.132.20', '2016-04-29 16:01:41', 'PRE'),
(1725, '187.240.239.251', '2016-04-29 16:02:02', 'CAR'),
(1726, '187.240.132.20', '2016-04-29 16:03:39', 'PRE'),
(1727, '187.240.132.20', '2016-04-29 16:04:44', 'PRE'),
(1728, '187.240.132.20', '2016-04-29 16:05:19', 'PRE'),
(1729, '187.240.132.20', '2016-04-29 16:06:05', 'PRE'),
(1730, '187.240.132.20', '2016-04-29 16:06:18', 'PRE'),
(1731, '187.240.132.20', '2016-04-29 16:06:36', 'PRE'),
(1732, '187.240.132.20', '2016-04-29 16:06:53', 'PRE'),
(1733, '187.240.239.251', '2016-04-29 16:08:24', 'CAR'),
(1734, '187.240.239.251', '2016-04-29 16:08:30', 'CAR'),
(1735, '187.240.239.251', '2016-04-29 16:08:33', 'CAR'),
(1736, '187.240.239.251', '2016-04-29 16:08:34', 'CAR'),
(1737, '187.240.239.251', '2016-04-29 16:08:47', 'BOD'),
(1738, '187.240.239.251', '2016-04-29 16:09:04', 'BOD'),
(1739, '187.240.239.251', '2016-04-29 16:09:21', 'BOD'),
(1740, '187.240.239.251', '2016-04-29 16:11:02', 'BOD'),
(1741, '187.240.132.20', '2016-04-29 16:12:19', 'PRE'),
(1742, '187.240.132.20', '2016-04-29 16:12:31', 'PRE'),
(1743, '187.191.28.146', '2016-04-29 16:13:40', 'CAB'),
(1744, '187.191.28.146', '2016-04-29 16:14:38', 'CAB'),
(1745, '187.191.28.146', '2016-04-29 16:14:45', 'CAB'),
(1746, '187.191.28.146', '2016-04-29 16:14:54', 'CAB'),
(1747, '187.240.132.20', '2016-04-29 16:15:11', 'PRE'),
(1748, '187.240.132.20', '2016-04-29 16:15:32', 'BOD'),
(1749, '187.240.239.251', '2016-04-29 16:16:36', 'BOD'),
(1750, '187.240.239.251', '2016-04-29 16:16:39', 'CAR'),
(1751, '187.240.239.251', '2016-04-29 16:16:41', 'CAR'),
(1752, '187.240.239.251', '2016-04-29 16:16:42', 'BOD'),
(1753, '187.240.239.251', '2016-04-29 16:16:45', 'XVA'),
(1754, '187.240.239.251', '2016-04-29 16:17:55', 'COM'),
(1755, '187.240.239.251', '2016-04-29 16:17:58', 'PRE'),
(1756, '187.240.239.251', '2016-04-29 16:18:00', 'CAB'),
(1757, '187.240.239.251', '2016-04-29 16:18:02', 'XVA'),
(1758, '187.240.132.20', '2016-04-29 16:18:22', 'BOD'),
(1759, '187.240.239.251', '2016-04-29 16:19:31', 'PRE'),
(1760, '187.240.239.251', '2016-04-29 16:19:32', 'CAB'),
(1761, '187.240.239.251', '2016-04-29 16:19:33', 'PRE'),
(1762, '187.240.239.251', '2016-04-29 16:19:35', 'COM'),
(1763, '187.240.239.251', '2016-04-29 16:19:45', 'PRE'),
(1764, '187.240.239.251', '2016-04-29 16:21:12', 'BOD'),
(1765, '187.240.239.251', '2016-04-29 16:21:14', 'BOD'),
(1766, '187.191.28.146', '2016-04-29 17:05:25', 'CAB'),
(1767, '187.191.28.146', '2016-04-29 17:05:38', 'CAB'),
(1768, '187.191.28.146', '2016-04-29 17:05:43', 'CAB'),
(1769, '187.191.28.146', '2016-04-29 17:05:48', 'CAB'),
(1770, '187.191.28.146', '2016-04-29 17:05:52', 'CAB'),
(1771, '187.191.28.146', '2016-04-29 17:05:55', 'CAB'),
(1772, '187.191.28.146', '2016-04-29 17:05:56', 'CAB'),
(1773, '187.191.28.146', '2016-04-29 17:05:59', 'CAB'),
(1774, '187.191.28.146', '2016-04-29 17:06:02', 'CAB'),
(1775, '187.191.28.146', '2016-04-29 17:06:14', 'CAB'),
(1776, '187.191.28.146', '2016-04-29 17:06:23', 'CAB'),
(1777, '187.191.28.146', '2016-04-29 17:06:26', 'CAB'),
(1778, '187.191.28.146', '2016-04-29 17:06:30', 'CAB'),
(1779, '187.191.28.146', '2016-04-29 17:06:34', 'CAB'),
(1780, '187.191.28.146', '2016-04-29 17:06:37', 'CAB'),
(1781, '187.191.28.146', '2016-04-29 17:06:46', 'CAB'),
(1782, '187.191.28.146', '2016-04-29 17:07:10', 'CAB'),
(1783, '187.191.28.146', '2016-04-29 17:07:22', 'BOD'),
(1784, '187.173.209.52', '2016-04-29 19:29:34', 'CAR'),
(1785, '187.240.132.20', '2016-04-29 19:30:12', 'BOD'),
(1786, '187.173.209.52', '2016-04-29 19:30:53', 'CAR'),
(1787, '187.173.209.52', '2016-04-29 19:30:57', 'BOD'),
(1788, '187.173.209.52', '2016-04-29 19:31:35', 'BOD'),
(1789, '187.240.132.20', '2016-04-29 19:33:03', 'BOD'),
(1790, '187.240.132.20', '2016-04-29 19:34:48', 'BOD'),
(1791, '187.240.132.20', '2016-04-29 19:35:43', 'BOD'),
(1792, '187.240.132.20', '2016-04-29 19:35:58', 'BOD'),
(1793, '187.240.132.20', '2016-04-29 19:37:18', 'BOD'),
(1794, '187.240.132.20', '2016-04-29 19:38:29', 'BOD'),
(1795, '187.240.132.20', '2016-04-29 19:39:03', 'BOD'),
(1796, '187.240.132.20', '2016-04-29 19:39:50', 'BOD'),
(1797, '187.240.132.20', '2016-04-29 19:42:59', 'BOD'),
(1798, '187.240.132.20', '2016-04-29 19:53:13', 'BOD'),
(1799, '187.240.132.20', '2016-04-29 19:55:00', 'busc'),
(1800, '187.240.132.20', '2016-04-29 19:55:18', 'busc'),
(1801, '187.240.132.20', '2016-04-29 19:55:58', 'busc'),
(1802, '187.240.132.20', '2016-04-29 19:56:05', 'BOD'),
(1803, '187.240.132.20', '2016-04-29 19:56:07', 'BOD'),
(1804, '187.240.132.20', '2016-04-29 19:59:31', 'busc'),
(1805, '187.240.132.20', '2016-04-29 19:59:33', 'BOD'),
(1806, '187.240.132.20', '2016-04-29 19:59:36', 'BOD'),
(1807, '187.240.132.20', '2016-04-29 19:59:39', 'XVA'),
(1808, '187.240.132.20', '2016-04-29 19:59:44', 'BAU'),
(1809, '187.240.132.20', '2016-04-29 19:59:48', 'BOD'),
(1810, '187.240.132.20', '2016-04-29 20:00:12', 'BOD'),
(1811, '187.240.132.20', '2016-04-29 20:00:13', 'BOD'),
(1812, '187.240.132.20', '2016-04-29 20:00:14', 'XVA'),
(1813, '187.240.132.20', '2016-04-29 20:01:18', 'XVA'),
(1814, '187.240.132.20', '2016-04-29 20:01:33', 'XVA'),
(1815, '187.240.132.20', '2016-04-29 20:02:07', 'XVA'),
(1816, '187.240.132.20', '2016-04-29 20:05:03', 'XVA'),
(1817, '187.240.132.20', '2016-04-29 20:06:21', 'XVA'),
(1818, '187.240.132.20', '2016-04-29 20:09:02', 'XVA'),
(1819, '187.240.132.20', '2016-04-29 20:11:25', 'XVA'),
(1820, '187.240.132.20', '2016-04-29 20:12:29', 'XVA'),
(1821, '187.240.132.20', '2016-04-29 20:12:58', 'XVA'),
(1822, '187.240.132.20', '2016-04-29 20:14:48', 'XVA'),
(1823, '187.240.132.20', '2016-04-29 20:19:46', 'XVA'),
(1824, '187.240.132.20', '2016-04-29 20:20:36', 'XVA'),
(1825, '187.240.132.20', '2016-04-29 20:24:54', 'XVA'),
(1826, '187.240.132.20', '2016-04-29 20:25:57', 'XVA'),
(1827, '187.240.132.20', '2016-04-29 20:28:41', 'XVA'),
(1828, '187.240.132.20', '2016-04-29 20:30:12', 'XVA'),
(1829, '187.240.132.20', '2016-04-29 20:30:30', 'XVA'),
(1830, '187.240.132.20', '2016-04-29 20:35:22', 'XVA'),
(1831, '187.240.132.20', '2016-04-29 20:37:58', 'XVA'),
(1832, '187.240.132.20', '2016-04-29 20:38:22', 'XVA'),
(1833, '187.240.132.20', '2016-04-29 20:38:45', 'XVA'),
(1834, '187.240.132.20', '2016-04-29 20:39:12', 'XVA'),
(1835, '187.240.132.20', '2016-04-29 20:39:48', 'XVA'),
(1836, '187.240.132.20', '2016-04-29 20:40:26', 'XVA'),
(1837, '187.240.132.20', '2016-04-29 20:41:54', 'XVA'),
(1838, '187.240.132.20', '2016-04-29 20:52:53', 'XVA'),
(1839, '187.240.132.20', '2016-04-29 20:52:59', 'BOD'),
(1840, '187.240.132.20', '2016-04-29 20:53:01', 'XVA'),
(1841, '187.240.132.20', '2016-04-29 20:54:29', 'XVA'),
(1842, '187.240.132.20', '2016-04-29 20:54:37', 'XVA'),
(1843, '187.240.132.20', '2016-04-29 20:54:51', 'XVA'),
(1844, '187.240.132.20', '2016-04-29 20:55:30', 'XVA'),
(1845, '187.240.132.20', '2016-04-29 20:55:34', 'XVA'),
(1846, '187.240.132.20', '2016-04-29 20:55:37', 'XVA'),
(1847, '187.240.132.20', '2016-04-29 20:56:37', 'XVA'),
(1848, '187.240.132.20', '2016-04-29 20:58:23', 'XVA'),
(1849, '187.240.132.20', '2016-04-29 20:58:29', 'XVA'),
(1850, '187.240.132.20', '2016-04-29 20:58:32', 'XVA'),
(1851, '187.240.132.20', '2016-04-29 20:59:07', 'XVA'),
(1852, '187.240.132.20', '2016-04-29 20:59:11', 'XVA'),
(1853, '187.240.132.20', '2016-04-29 20:59:14', 'XVA'),
(1854, '187.240.132.20', '2016-04-29 21:02:18', 'XVA'),
(1855, '187.240.132.20', '2016-04-29 21:02:21', 'XVA'),
(1856, '187.240.132.20', '2016-04-29 21:02:25', 'XVA'),
(1857, '187.240.132.20', '2016-04-29 21:02:28', 'XVA'),
(1858, '187.240.132.20', '2016-04-29 21:02:29', 'XVA'),
(1859, '187.240.132.20', '2016-04-29 21:02:32', 'XVA'),
(1860, '187.240.132.20', '2016-04-29 21:03:13', 'XVA'),
(1861, '187.240.132.20', '2016-04-29 21:03:15', 'BOD'),
(1862, '187.240.132.20', '2016-04-29 21:03:20', 'BOD'),
(1863, '187.240.132.20', '2016-04-29 21:03:21', 'XVA'),
(1864, '187.240.132.20', '2016-04-29 21:03:23', 'XVA'),
(1865, '187.240.132.20', '2016-04-29 21:04:18', 'XVA'),
(1866, '187.240.132.20', '2016-04-29 21:04:35', 'COM'),
(1867, '187.240.132.20', '2016-04-29 21:04:38', 'XVA'),
(1868, '187.240.132.20', '2016-04-29 21:04:41', 'XVA'),
(1869, '187.240.132.20', '2016-04-29 21:05:19', 'CAB'),
(1870, '187.240.132.20', '2016-04-29 21:05:22', 'CAB'),
(1871, '187.240.132.20', '2016-04-29 21:09:28', 'CAB'),
(1872, '187.240.132.20', '2016-04-29 21:10:47', 'BOD'),
(1873, '187.240.132.20', '2016-04-29 21:14:05', 'BOD'),
(1874, '187.240.132.20', '2016-04-29 21:14:23', 'BOD'),
(1875, '187.240.132.20', '2016-04-29 21:31:52', 'CAB'),
(1876, '187.240.132.20', '2016-04-29 21:31:59', 'CAB'),
(1877, '187.240.132.20', '2016-04-29 23:29:56', 'BOD'),
(1878, '187.240.132.20', '2016-04-29 23:37:46', 'BOD'),
(1879, '187.240.132.20', '2016-04-29 23:38:01', 'BOD'),
(1880, '187.240.132.20', '2016-04-29 23:39:08', 'BOD'),
(1881, '187.240.132.20', '2016-04-29 23:39:12', 'BOD'),
(1882, '187.240.132.20', '2016-04-29 23:39:30', 'BOD'),
(1883, '187.240.132.20', '2016-04-30 00:07:37', 'CAR'),
(1884, '187.240.132.20', '2016-04-30 00:09:36', 'CAR'),
(1885, '187.240.132.20', '2016-04-30 00:09:41', 'BOD'),
(1886, '187.240.132.20', '2016-04-30 00:12:26', 'BOD'),
(1887, '187.240.132.20', '2016-04-30 00:13:42', 'BOD'),
(1888, '187.240.132.20', '2016-04-30 00:14:25', 'BOD'),
(1889, '187.240.132.20', '2016-04-30 00:14:40', 'BOD'),
(1890, '187.240.132.20', '2016-04-30 00:15:39', 'BOD'),
(1891, '187.240.132.20', '2016-04-30 00:18:03', 'BOD'),
(1892, '187.240.132.20', '2016-04-30 00:19:26', 'BOD'),
(1893, '187.240.132.20', '2016-04-30 00:20:45', 'BOD'),
(1894, '187.240.132.20', '2016-04-30 00:20:55', 'BOD'),
(1895, '187.240.132.20', '2016-04-30 00:22:55', 'BOD'),
(1896, '187.240.132.20', '2016-04-30 00:24:18', 'BOD'),
(1897, '187.240.132.20', '2016-04-30 00:30:17', 'BOD'),
(1898, '187.240.132.20', '2016-04-30 00:34:08', 'BOD'),
(1899, '187.240.132.20', '2016-04-30 00:38:58', 'BOD'),
(1900, '187.240.132.20', '2016-04-30 00:39:19', 'BOD'),
(1901, '187.240.132.20', '2016-04-30 00:39:22', 'BOD');
INSERT INTO `visitas` (`id`, `dir_ip`, `fecha`, `idseccion`) VALUES
(1902, '187.240.132.20', '2016-04-30 00:39:52', 'BOD'),
(1903, '187.240.132.20', '2016-04-30 01:19:15', 'BOD'),
(1904, '187.240.132.20', '2016-04-30 01:19:17', 'BOD'),
(1905, '187.240.132.20', '2016-04-30 01:19:27', 'BOD'),
(1906, '187.240.132.20', '2016-04-30 01:19:35', 'BOD'),
(1907, '187.240.132.20', '2016-04-30 01:20:57', 'BOD'),
(1908, '187.240.132.20', '2016-04-30 01:21:01', 'BOD'),
(1909, '187.240.132.20', '2016-04-30 01:21:29', 'BOD'),
(1910, '187.240.132.20', '2016-04-30 01:21:35', 'BOD'),
(1911, '187.240.132.20', '2016-04-30 01:21:40', 'BOD'),
(1912, '187.240.132.20', '2016-04-30 01:23:42', 'BOD'),
(1913, '187.240.132.20', '2016-04-30 01:23:47', 'BOD'),
(1914, '187.240.132.20', '2016-04-30 01:26:49', 'BOD'),
(1915, '187.240.132.20', '2016-04-30 01:36:26', 'BOD'),
(1916, '187.240.132.20', '2016-04-30 01:36:31', 'BOD'),
(1917, '187.240.132.20', '2016-04-30 01:36:36', 'BOD'),
(1918, '187.240.132.20', '2016-04-30 01:36:43', 'BOD'),
(1919, '187.240.132.20', '2016-04-30 01:37:34', 'BOD'),
(1920, '187.240.132.20', '2016-04-30 01:37:42', 'BOD'),
(1921, '187.240.132.20', '2016-04-30 01:38:06', 'BOD'),
(1922, '187.240.132.20', '2016-04-30 01:40:28', 'BOD'),
(1923, '187.240.132.20', '2016-04-30 01:40:31', 'BOD'),
(1924, '187.240.132.20', '2016-04-30 01:44:46', 'BOD'),
(1925, '187.240.132.20', '2016-04-30 01:45:52', 'BOD'),
(1926, '187.240.132.20', '2016-04-30 01:54:56', 'BOD'),
(1927, '187.240.132.20', '2016-04-30 01:58:03', 'BOD'),
(1928, '187.240.132.20', '2016-04-30 01:58:39', 'BOD'),
(1929, '187.240.132.20', '2016-04-30 02:02:39', 'BOD'),
(1930, '187.240.132.20', '2016-04-30 02:04:02', 'BOD'),
(1931, '187.240.132.20', '2016-04-30 02:04:15', 'BOD'),
(1932, '187.240.132.20', '2016-04-30 02:04:20', 'XVA'),
(1933, '187.240.132.20', '2016-04-30 02:18:52', 'XVA'),
(1934, '187.240.132.20', '2016-04-30 02:19:05', 'BOD'),
(1935, '187.240.132.20', '2016-04-30 02:21:42', 'XVA'),
(1936, '187.240.132.20', '2016-04-30 02:21:50', 'BOD'),
(1937, '187.240.132.20', '2016-04-30 02:27:03', 'BOD'),
(1938, '187.240.132.20', '2016-04-30 02:27:09', 'BOD'),
(1939, '187.240.132.20', '2016-04-30 02:27:28', 'XVA'),
(1940, '187.240.132.20', '2016-04-30 02:27:31', 'XVA'),
(1941, '187.240.132.20', '2016-04-30 02:28:17', 'XVA'),
(1942, '187.240.132.20', '2016-04-30 02:28:42', 'XVA'),
(1943, '187.240.132.20', '2016-04-30 02:29:20', 'XVA'),
(1944, '187.240.132.20', '2016-04-30 02:29:37', 'BOD'),
(1945, '187.240.132.20', '2016-04-30 02:30:32', 'BOD'),
(1946, '201.156.214.195', '2016-04-30 02:33:02', 'BOD'),
(1947, '187.240.132.20', '2016-04-30 02:38:30', 'BOD'),
(1948, '187.240.187.40', '2016-04-30 02:42:30', 'BOD'),
(1949, '189.243.80.210', '2016-04-30 02:44:00', 'XVA'),
(1950, '187.240.132.20', '2016-04-30 02:45:29', 'BOD'),
(1951, '177.243.70.165', '2016-04-30 02:46:21', 'BOD'),
(1952, '177.243.70.165', '2016-04-30 02:46:35', 'XVA'),
(1953, '177.243.70.165', '2016-04-30 02:46:43', 'PRE'),
(1954, '177.243.70.165', '2016-04-30 02:47:31', 'CAB'),
(1955, '177.243.70.165', '2016-04-30 02:47:39', 'CAB'),
(1956, '187.240.187.40', '2016-04-30 02:47:43', 'CAR'),
(1957, '187.240.187.40', '2016-04-30 02:47:45', 'BOD'),
(1958, '189.243.80.210', '2016-04-30 02:49:41', 'BOD'),
(1959, '201.156.214.195', '2016-04-30 02:50:44', 'BOD'),
(1960, '201.156.214.195', '2016-04-30 02:52:06', 'BOD'),
(1961, '201.156.214.195', '2016-04-30 02:52:09', 'COM'),
(1962, '187.240.187.40', '2016-04-30 03:05:03', 'BOD'),
(1963, '187.240.187.40', '2016-04-30 03:05:13', 'BOD'),
(1964, '187.240.187.40', '2016-04-30 03:05:17', 'BOD'),
(1965, '187.240.132.20', '2016-04-30 03:24:33', 'BOD'),
(1966, '187.240.132.20', '2016-04-30 03:30:48', 'BOD'),
(1967, '187.240.239.251', '2016-04-30 04:03:02', 'CAR'),
(1968, '187.240.239.251', '2016-04-30 04:03:34', 'CAR'),
(1969, '187.240.239.251', '2016-04-30 04:03:44', 'BOD'),
(1970, '187.240.239.251', '2016-04-30 04:04:44', 'XVA'),
(1971, '187.240.239.251', '2016-04-30 04:05:15', 'PRE'),
(1972, '187.240.239.251', '2016-04-30 04:05:17', 'COM'),
(1973, '187.240.239.251', '2016-04-30 04:05:19', 'BAU'),
(1974, '187.240.239.251', '2016-04-30 04:05:21', 'XVA'),
(1975, '187.240.239.251', '2016-04-30 04:05:24', 'BOD'),
(1976, '187.240.239.251', '2016-04-30 04:06:32', 'BOD'),
(1977, '187.240.239.251', '2016-04-30 04:09:32', 'CAR'),
(1978, '187.240.132.20', '2016-04-30 04:10:15', 'BOD'),
(1979, '187.240.132.20', '2016-04-30 04:10:18', 'BOD'),
(1980, '187.240.239.251', '2016-04-30 04:11:23', 'CAR'),
(1981, '187.240.239.251', '2016-04-30 04:12:35', 'XVA'),
(1982, '187.240.239.251', '2016-04-30 04:12:38', 'XVA'),
(1983, '187.240.239.251', '2016-04-30 04:12:40', 'BOD'),
(1984, '187.240.239.251', '2016-04-30 04:12:42', 'BOD'),
(1985, '187.240.239.251', '2016-04-30 04:12:52', 'BOD'),
(1986, '187.240.132.20', '2016-04-30 04:29:49', 'BOD'),
(1987, '187.240.132.20', '2016-04-30 04:30:23', 'BOD'),
(1988, '187.240.132.20', '2016-04-30 04:31:26', 'BOD'),
(1989, '187.240.132.20', '2016-04-30 04:31:29', 'BOD'),
(1990, '187.240.132.20', '2016-04-30 04:31:34', 'BOD'),
(1991, '187.240.132.20', '2016-04-30 04:31:35', 'BOD'),
(1992, '187.240.132.20', '2016-04-30 05:37:49', 'BOD'),
(1993, '187.240.132.20', '2016-04-30 05:38:02', 'BOD'),
(1994, '187.240.132.20', '2016-04-30 05:38:08', 'BOD'),
(1995, '187.240.132.20', '2016-04-30 05:39:32', 'BOD'),
(1996, '187.240.132.20', '2016-04-30 06:02:43', 'BOD'),
(1997, '187.240.132.20', '2016-04-30 06:02:45', 'BOD'),
(1998, '187.240.132.20', '2016-04-30 06:05:47', 'BOD'),
(1999, '187.240.132.20', '2016-04-30 06:10:35', 'BOD'),
(2000, '187.240.132.20', '2016-04-30 06:12:32', 'BOD'),
(2001, '187.240.132.20', '2016-04-30 06:16:00', 'BOD'),
(2002, '187.240.132.20', '2016-04-30 06:16:04', 'BOD'),
(2003, '187.240.132.20', '2016-04-30 06:16:32', 'BOD'),
(2004, '187.240.132.20', '2016-04-30 06:16:57', 'BOD'),
(2005, '187.240.132.20', '2016-04-30 06:19:24', 'BOD'),
(2006, '187.240.132.20', '2016-04-30 06:21:02', 'BOD'),
(2007, '187.240.132.20', '2016-04-30 06:21:04', 'BOD'),
(2008, '187.240.132.20', '2016-04-30 06:21:53', 'BOD'),
(2009, '187.240.132.20', '2016-04-30 06:23:37', 'BOD'),
(2010, '187.240.132.20', '2016-04-30 14:52:12', 'CAR'),
(2011, '187.240.132.20', '2016-04-30 14:52:14', 'BOD'),
(2012, '187.240.132.20', '2016-04-30 17:10:53', 'XVA'),
(2013, '187.240.132.20', '2016-04-30 17:11:03', 'XVA'),
(2014, '187.240.132.20', '2016-04-30 17:11:08', 'XVA'),
(2015, '187.240.187.40', '2016-04-30 17:41:29', 'CAR'),
(2016, '187.240.187.40', '2016-04-30 17:41:32', 'CAR'),
(2017, '187.240.187.40', '2016-04-30 17:41:42', 'CAR'),
(2018, '187.240.187.40', '2016-04-30 17:41:46', 'BOD'),
(2019, '187.240.187.40', '2016-04-30 17:41:49', 'BOD'),
(2020, '187.240.187.40', '2016-04-30 17:41:50', 'BOD'),
(2021, '187.240.187.40', '2016-04-30 17:41:50', 'XVA'),
(2022, '187.240.187.40', '2016-04-30 17:41:51', 'BAU'),
(2023, '187.240.187.40', '2016-04-30 17:41:52', 'COM'),
(2024, '187.240.187.40', '2016-04-30 17:41:53', 'COM'),
(2025, '187.240.187.40', '2016-04-30 17:41:54', 'CAB'),
(2026, '187.240.187.40', '2016-04-30 17:41:55', 'CAB'),
(2027, '187.240.187.40', '2016-04-30 17:41:58', 'BOD'),
(2028, '187.240.187.40', '2016-04-30 17:41:59', 'XVA'),
(2029, '187.240.187.40', '2016-04-30 17:41:59', 'BAU'),
(2030, '187.240.187.40', '2016-04-30 17:42:01', 'BAU'),
(2031, '187.240.187.40', '2016-04-30 17:42:17', 'BAU'),
(2032, '187.240.187.40', '2016-04-30 17:42:51', 'BOD'),
(2033, '187.240.187.40', '2016-04-30 17:44:08', 'XVA'),
(2034, '187.240.187.40', '2016-04-30 17:44:18', 'BAU'),
(2035, '187.240.187.40', '2016-04-30 17:44:29', 'COM'),
(2036, '187.240.187.40', '2016-04-30 17:44:51', 'PRE'),
(2037, '187.240.187.40', '2016-04-30 17:44:56', 'CAB'),
(2038, '187.240.187.40', '2016-04-30 17:45:27', 'CAB'),
(2039, '187.240.187.40', '2016-04-30 17:45:33', 'BOD'),
(2040, '187.240.187.40', '2016-04-30 17:45:38', 'BAU'),
(2041, '187.240.187.40', '2016-04-30 17:45:41', 'COM'),
(2042, '187.240.187.40', '2016-04-30 17:46:17', 'COM'),
(2043, '187.240.187.40', '2016-04-30 18:00:54', 'COM'),
(2044, '187.240.187.40', '2016-04-30 18:01:23', 'COM'),
(2045, '187.240.187.40', '2016-04-30 18:02:30', 'BAU'),
(2046, '189.243.133.53', '2016-04-30 18:57:16', 'CAR'),
(2047, '52.71.254.47', '2016-04-30 18:57:36', 'BOD'),
(2048, '52.71.254.47', '2016-04-30 18:58:32', 'BOD'),
(2049, '52.71.254.47', '2016-04-30 18:58:32', 'BOD'),
(2050, '52.71.254.47', '2016-04-30 18:58:33', 'BOD'),
(2051, '187.240.239.251', '2016-04-30 19:14:16', 'CAR'),
(2052, '187.240.239.251', '2016-04-30 19:14:21', 'BOD'),
(2053, '187.240.239.251', '2016-04-30 19:16:47', 'BOD'),
(2054, '187.240.239.251', '2016-04-30 19:17:00', 'BOD'),
(2055, '187.240.239.251', '2016-05-01 00:34:10', 'BOD'),
(2056, '187.240.239.251', '2016-05-01 00:34:11', 'BOD'),
(2057, '187.240.239.251', '2016-05-01 00:34:16', 'BOD'),
(2058, '187.240.239.251', '2016-05-01 00:34:43', 'BOD'),
(2059, '187.240.239.251', '2016-05-01 00:34:47', 'XVA'),
(2060, '187.240.239.251', '2016-05-01 00:34:48', 'BAU'),
(2061, '187.240.239.251', '2016-05-01 00:34:50', 'COM'),
(2062, '187.240.239.251', '2016-05-01 00:34:51', 'PRE'),
(2063, '187.240.239.251', '2016-05-01 00:34:54', 'CAB'),
(2064, '187.240.239.251', '2016-05-01 00:38:06', 'CAB'),
(2065, '187.240.239.251', '2016-05-01 00:38:24', 'BOD'),
(2066, '187.240.239.251', '2016-05-01 00:38:25', 'XVA'),
(2067, '187.240.239.251', '2016-05-01 00:38:26', 'BAU'),
(2068, '187.240.239.251', '2016-05-01 00:38:27', 'COM'),
(2069, '187.240.239.251', '2016-05-01 00:38:28', 'PRE'),
(2070, '187.240.239.251', '2016-05-01 00:38:29', 'CAB'),
(2071, '187.240.239.251', '2016-05-01 01:46:51', 'CAR'),
(2072, '187.240.239.251', '2016-05-01 01:46:57', 'BOD'),
(2073, '187.240.239.251', '2016-05-01 01:47:21', 'XVA'),
(2074, '187.240.132.20', '2016-05-01 02:16:13', 'CAR'),
(2075, '187.240.132.20', '2016-05-01 02:16:16', 'BOD'),
(2076, '187.240.132.20', '2016-05-01 02:16:18', 'BOD'),
(2077, '187.240.239.251', '2016-05-01 03:48:24', 'XVA'),
(2078, '187.240.239.251', '2016-05-01 04:08:51', 'CAR');

-- --------------------------------------------------------

--
-- Estructura de tabla para la tabla `vistas`
--

CREATE TABLE `vistas` (
  `codbar` bigint(12) NOT NULL,
  `contador` int(11) NOT NULL
) ENGINE=InnoDB DEFAULT CHARSET=utf8 COLLATE=utf8_spanish_ci;

--
-- Volcado de datos para la tabla `vistas`
--

INSERT INTO `vistas` (`codbar`, `contador`) VALUES
(102739856199, 1),
(103619255162, 3),
(111917579926, 5),
(112411235298, 1),
(115452433729, 1),
(116852633368, 0),
(122292529618, 3),
(132599765161, 0),
(132890551300, 1),
(136836791278, 0),
(151246396133, 0),
(152355809534, 1),
(154453136399, 1),
(156296506244, 0),
(162636403494, 0),
(166779471158, 0),
(169763641255, 0),
(170294226645, 0),
(173766910567, 0),
(179841763261, 1),
(179898791595, 1),
(184344331213, 1),
(188727700849, 2),
(190476213241, 0),
(195328495666, 0),
(200326221711, 0),
(208504844538, 0),
(215370682910, 0),
(221508207306, 0),
(225308105665, 0),
(236235240784, 0),
(246167920271, 4),
(276636143994, 1),
(284465952348, 1),
(312919619224, 2),
(315700418367, 0),
(319234272170, 0),
(319526958309, 0),
(331416264309, 1),
(334253991786, 0),
(342228343660, 0),
(343945970921, 0),
(346263897823, 0),
(359376674992, 2),
(370360838546, 0),
(392624596959, 2),
(397622321103, 0),
(397882721391, 0),
(398934206458, 0),
(407149258583, 2),
(410303513782, 0),
(415790752651, 2),
(417430751543, 0),
(430517785229, 0),
(435369168654, 0),
(437992838463, 1),
(440772636606, 0),
(447170960469, 0),
(466920962395, 0),
(470106102625, 0),
(483459180866, 0),
(487691562716, 0),
(487722848567, 1),
(495869286543, 1),
(505744936595, 0),
(508493449887, 0),
(519623956960, 0),
(528129793324, 0),
(533184547703, 0),
(535401474604, 0),
(535459502938, 1),
(537973759346, 0),
(541222471278, 0),
(577880504464, 1),
(578906246947, 0),
(579260103967, 0),
(580743973525, 5),
(583492486817, 1),
(589395253408, 2),
(593570608823, 0),
(620827447113, 0),
(626673186270, 2),
(630125270155, 0),
(632577854761, 0),
(632602597345, 0),
(635554480590, 3),
(642566662582, 0),
(655279239212, 0),
(658345180226, 1),
(662520534641, 1),
(669215287911, 0),
(677918453682, 5),
(688731532133, 0),
(703744708481, 0),
(708278562284, 1),
(708336590618, 0),
(720808368896, 0),
(721163225917, 0),
(724343223699, 0),
(729341848744, 0),
(731824818301, 0),
(745348480825, 0),
(745353124192, 4),
(755223231877, 3),
(757738487285, 1),
(765244324549, 0),
(767613238338, 1),
(771293435660, 0),
(775214933155, 0),
(775676804396, 0),
(777228488103, 0),
(777519274241, 1),
(793355721220, 0),
(798873346840, 0),
(799430574814, 1),
(806120683816, 1),
(812486322649, 0),
(824553257120, 0),
(824818301676, 1),
(826833756623, 0),
(828150684525, 0),
(834491580774, 0),
(836588807640, 0),
(839540690885, 3),
(841560790201, 0),
(845298115857, 0),
(852570696237, 2),
(854793267406, 0),
(860171491954, 0),
(877755952145, 0),
(881555849504, 0),
(881873378226, 0),
(900634965867, 0),
(903440506593, 0),
(906652790227, 0),
(908204475833, 0),
(914107242424, 0),
(916990412521, 0),
(927657148352, 0),
(928937647855, 0),
(931135873720, 0),
(933238744853, 0),
(934201814735, 0),
(934555272576, 0),
(942821310588, 0),
(942993395691, 1),
(953660131522, 1),
(955383801330, 1),
(971339948345, 0),
(973993104905, 0),
(978496572856, 0),
(982323212798, 0),
(993686476676, 0);

--
-- Índices para tablas volcadas
--

--
-- Indices de la tabla `acceso`
--
ALTER TABLE `acceso`
  ADD PRIMARY KEY (`id`),
  ADD UNIQUE KEY `usuario` (`usuario`);

--
-- Indices de la tabla `apartado`
--
ALTER TABLE `apartado`
  ADD PRIMARY KEY (`id`);

--
-- Indices de la tabla `apartadoventas`
--
ALTER TABLE `apartadoventas`
  ADD PRIMARY KEY (`ticket`);

--
-- Indices de la tabla `carrusel`
--
ALTER TABLE `carrusel`
  ADD PRIMARY KEY (`imagenes`);

--
-- Indices de la tabla `color`
--
ALTER TABLE `color`
  ADD PRIMARY KEY (`id`);

--
-- Indices de la tabla `corte`
--
ALTER TABLE `corte`
  ADD PRIMARY KEY (`id`);

--
-- Indices de la tabla `depositos`
--
ALTER TABLE `depositos`
  ADD PRIMARY KEY (`ticket`,`fecha`);

--
-- Indices de la tabla `desglose`
--
ALTER TABLE `desglose`
  ADD PRIMARY KEY (`idventa`,`codbar`);

--
-- Indices de la tabla `desgloseapartado`
--
ALTER TABLE `desgloseapartado`
  ADD PRIMARY KEY (`ticket`,`codbar`);

--
-- Indices de la tabla `genero`
--
ALTER TABLE `genero`
  ADD PRIMARY KEY (`id`);

--
-- Indices de la tabla `imagenes`
--
ALTER TABLE `imagenes`
  ADD PRIMARY KEY (`imagenes`);

--
-- Indices de la tabla `menu`
--
ALTER TABLE `menu`
  ADD PRIMARY KEY (`idapartado`,`idsubcategoria`),
  ADD KEY `fk_idsubcategoria` (`idsubcategoria`);

--
-- Indices de la tabla `productos`
--
ALTER TABLE `productos`
  ADD PRIMARY KEY (`codbar`);

--
-- Indices de la tabla `subcategorias`
--
ALTER TABLE `subcategorias`
  ADD PRIMARY KEY (`id`);

--
-- Indices de la tabla `talla`
--
ALTER TABLE `talla`
  ADD PRIMARY KEY (`id`);

--
-- Indices de la tabla `tiendas`
--
ALTER TABLE `tiendas`
  ADD PRIMARY KEY (`idtienda`);

--
-- Indices de la tabla `tipo`
--
ALTER TABLE `tipo`
  ADD PRIMARY KEY (`id`);

--
-- Indices de la tabla `ventas`
--
ALTER TABLE `ventas`
  ADD PRIMARY KEY (`id`);

--
-- Indices de la tabla `visitas`
--
ALTER TABLE `visitas`
  ADD PRIMARY KEY (`id`);

--
-- Indices de la tabla `vistas`
--
ALTER TABLE `vistas`
  ADD PRIMARY KEY (`codbar`);

--
-- AUTO_INCREMENT de las tablas volcadas
--

--
-- AUTO_INCREMENT de la tabla `acceso`
--
ALTER TABLE `acceso`
  MODIFY `id` int(5) NOT NULL AUTO_INCREMENT, AUTO_INCREMENT=11;
--
-- AUTO_INCREMENT de la tabla `color`
--
ALTER TABLE `color`
  MODIFY `id` int(11) NOT NULL AUTO_INCREMENT, AUTO_INCREMENT=25;
--
-- AUTO_INCREMENT de la tabla `corte`
--
ALTER TABLE `corte`
  MODIFY `id` int(11) NOT NULL AUTO_INCREMENT, AUTO_INCREMENT=9;
--
-- AUTO_INCREMENT de la tabla `genero`
--
ALTER TABLE `genero`
  MODIFY `id` int(11) NOT NULL AUTO_INCREMENT, AUTO_INCREMENT=5;
--
-- AUTO_INCREMENT de la tabla `subcategorias`
--
ALTER TABLE `subcategorias`
  MODIFY `id` int(3) NOT NULL AUTO_INCREMENT, AUTO_INCREMENT=26;
--
-- AUTO_INCREMENT de la tabla `talla`
--
ALTER TABLE `talla`
  MODIFY `id` int(11) NOT NULL AUTO_INCREMENT, AUTO_INCREMENT=23;
--
-- AUTO_INCREMENT de la tabla `tiendas`
--
ALTER TABLE `tiendas`
  MODIFY `idtienda` int(11) NOT NULL AUTO_INCREMENT, AUTO_INCREMENT=3;
--
-- AUTO_INCREMENT de la tabla `tipo`
--
ALTER TABLE `tipo`
  MODIFY `id` int(11) NOT NULL AUTO_INCREMENT, AUTO_INCREMENT=3;
--
-- AUTO_INCREMENT de la tabla `ventas`
--
ALTER TABLE `ventas`
  MODIFY `id` int(11) NOT NULL AUTO_INCREMENT;
--
-- AUTO_INCREMENT de la tabla `visitas`
--
ALTER TABLE `visitas`
  MODIFY `id` int(11) NOT NULL AUTO_INCREMENT, AUTO_INCREMENT=2079;
--
-- Restricciones para tablas volcadas
--

--
-- Filtros para la tabla `menu`
--
ALTER TABLE `menu`
  ADD CONSTRAINT `fk_idapartado` FOREIGN KEY (`idapartado`) REFERENCES `apartado` (`id`) ON DELETE CASCADE ON UPDATE CASCADE,
  ADD CONSTRAINT `fk_idsubcategoria` FOREIGN KEY (`idsubcategoria`) REFERENCES `subcategorias` (`id`) ON DELETE CASCADE ON UPDATE CASCADE;

--
-- Filtros para la tabla `vistas`
--
ALTER TABLE `vistas`
  ADD CONSTRAINT `eliminar_fk` FOREIGN KEY (`codbar`) REFERENCES `productos` (`codbar`) ON DELETE CASCADE ON UPDATE CASCADE;

/*!40101 SET CHARACTER_SET_CLIENT=@OLD_CHARACTER_SET_CLIENT */;
/*!40101 SET CHARACTER_SET_RESULTS=@OLD_CHARACTER_SET_RESULTS */;
/*!40101 SET COLLATION_CONNECTION=@OLD_COLLATION_CONNECTION */;
